fw0mecb,https://www.reddit.com/r/RightwingLGBT/comments/hfxbdy/this_hypocritical_bitch_will_be_going_on_about/fw0mecb/,starsinthetwilight,"This shit is going on while whites are still very much the majority in their own countries? 

I'm sure society will be totally postracial once whites are the minority and this kind of rhetoric won't get more extreme though. Nothing to worry about!",0.1022
fw0n4w3,https://www.reddit.com/r/RightwingLGBT/comments/hfxbdy/this_hypocritical_bitch_will_be_going_on_about/fw0n4w3/,MikeNew513,In India she would literally be a man's property.,0.0
fw0o45w,https://www.reddit.com/r/RightwingLGBT/comments/hfxbdy/this_hypocritical_bitch_will_be_going_on_about/fw0o45w/,thor615,Why does her opinion even matter? It doesn’t.,0.0258
fw0p3no,https://www.reddit.com/r/RightwingLGBT/comments/hfxbdy/this_hypocritical_bitch_will_be_going_on_about/fw0p3no/,Nola-boy,Anyone else notice a correlation between being ugly and being angry at the world?,-0.765
fw0prmx,https://www.reddit.com/r/RightwingLGBT/comments/hfxbdy/this_hypocritical_bitch_will_be_going_on_about/fw0prmx/,GrandpaHardcore,"Just another jaw flapper... go Google her...

  
Her entire career and teaching life has been about being an Anglophone... ya, gotta love hating on all of those white people and their ENGLISH...",0.2263
fw0s3m5,https://www.reddit.com/r/RightwingLGBT/comments/hfxbdy/this_hypocritical_bitch_will_be_going_on_about/fw0s3m5/,azn_gay_conservative,south africa would like to have a word with you..,0.3612
fw0tlq4,https://www.reddit.com/r/RightwingLGBT/comments/hfxbdy/this_hypocritical_bitch_will_be_going_on_about/fw0tlq4/,Aurik-Kal-Durin,Her life certainly doesn't matter.,0.3239
fw0tmcj,https://www.reddit.com/r/RightwingLGBT/comments/hfxbdy/this_hypocritical_bitch_will_be_going_on_about/fw0tmcj/,PriestTheyCalledHim,"It would be amusing if she took a DNA test and found out she is Anglo-Asian or has some British or European ancestry, and is not completely Indo-Aryan, Dravidian, Tamil, or a mixture of the South Asian or Western or inner Asian ethnicities from the sub continent. u/gay-hindu-atheist this topic may interest you.",0.6808
fw0tphx,https://www.reddit.com/r/RightwingLGBT/comments/hfxbdy/this_hypocritical_bitch_will_be_going_on_about/fw0tphx/,starsinthetwilight,I was being sarcastic.,-0.25
fw0tu1m,https://www.reddit.com/r/RightwingLGBT/comments/hfxbdy/this_hypocritical_bitch_will_be_going_on_about/fw0tu1m/,GrandpaHardcore,"Could be.  I honestly don't take people like this on social media that seriously anymore... I do the odd shocked Pikachu face for funny but overall identity politics and trying to one up one another is almost funny to watch.

Then when we question them or send hate at them for it their little white knights come out of the wood work ""Why are you so offended?  Freedom of speech!"". hehe",0.2939
fw0wlon,https://www.reddit.com/r/RightwingLGBT/comments/hfxbdy/this_hypocritical_bitch_will_be_going_on_about/fw0wlon/,Montmortre,"I had to go find an article about the post because this woman is getting hate and vitriol and she is relishing in it. Goodness!! However, She was attempting to say that there should be NO hierarchy concerning laws and people, black or white. She is an anti-colonialism professor so these thoughts are legitimate to her. She could have found a much better way to convey her words than through a 140 character twitter feed. Being a professor at Cambridge for 20+ years should have made her think better on such yet it hasn’t. Sadly, Cambridge is standing behind her.",0.3718
fw0xb00,https://www.reddit.com/r/RightwingLGBT/comments/hfxbdy/this_hypocritical_bitch_will_be_going_on_about/fw0xb00/,gay-hindu-atheist,"Who the hell is she?! Some of the biggest kooks from the subcontinent actually do turn out to be half-breeds.   


Anyway - regardless of her ancestry, she is a real sorry excuse for a human being.",-0.7088
fw0xf1i,https://www.reddit.com/r/RightwingLGBT/comments/hfxbdy/this_hypocritical_bitch_will_be_going_on_about/fw0xf1i/,jbs2537,Because she’s paid to spout it,0.0
fw0ywnd,https://www.reddit.com/r/RightwingLGBT/comments/hfxbdy/this_hypocritical_bitch_will_be_going_on_about/fw0ywnd/,thor615,And we don’t have to legitimize it. Fuck her opinion.,-0.5423
fw1014f,https://www.reddit.com/r/RightwingLGBT/comments/hfxbdy/this_hypocritical_bitch_will_be_going_on_about/fw1014f/,sadsadsadgayboy,Just like in any colored country,0.3612
fw10a11,https://www.reddit.com/r/RightwingLGBT/comments/hfxbdy/this_hypocritical_bitch_will_be_going_on_about/fw10a11/,morph83,"WTF does that even mean? I might as well say 'Apples don't matter. As apples.' 

What else can white lives be other than white lives? 'Matter' in what way to whom? 

This makes about as much sense as a random quote from the 'Wisdom of Chopra' quote generator.",-0.1398
fw12bve,https://www.reddit.com/r/RightwingLGBT/comments/hfxbdy/this_hypocritical_bitch_will_be_going_on_about/fw12bve/,seatownie,Yes indeed sir.  Just tell me I’m sexy and I’ll be happy as a clam.,0.8689
fw12p9t,https://www.reddit.com/r/RightwingLGBT/comments/hfxbdy/this_hypocritical_bitch_will_be_going_on_about/fw12p9t/,jbs2537,Amen. Remember: this is the same app that can permanently ban you for misgendering someone.,-0.5574
fw13w2h,https://www.reddit.com/r/RightwingLGBT/comments/hfxbdy/this_hypocritical_bitch_will_be_going_on_about/fw13w2h/,thor615,Right. Do we legitimize David Duke’s opinions? No? Well why would we with this racist cunt?,-0.8121
fw1423u,https://www.reddit.com/r/RightwingLGBT/comments/hfxbdy/this_hypocritical_bitch_will_be_going_on_about/fw1423u/,jbs2537,Who’s that?,0.0
fw143vb,https://www.reddit.com/r/RightwingLGBT/comments/hfxbdy/this_hypocritical_bitch_will_be_going_on_about/fw143vb/,mickfly718,"She posted a deliberately misleading tweet, meant to inflame.  Reading way between the lines, she is saying that being white isn’t what makes you matter.  You do matter, just by existing, and whiteness has nothing to do with it.  The same could have been said about any race, but she chose white because she knew exactly what she was doing.

But she won’t clarify that.  She’s baiting all the outrage and then only posting the threats made against her.  Meanwhile she sits there all smug, thinking the haters are too dumb to get her real message - which again, she won’t clarify - and then can later claim that she never said anything hateful and can’t help it if we’re all too dumb to comprehend her message.

Her colleagues and others in the world of academia have flooded to her defense, again just looking down their noses on all the morons that can’t comprehend her tweet.  They do nothing to explain it, and instead speak in riddles and twist any hateful words back at the people who reacted negatively to her tweet.  These people live in a different world -  it’s amazing really that such giant heads could still fit up their own rectums without causing some massive internal bleeding.

One of them slipped up and explained it though - that scab - and that’s how I finally got to the bottom of what they are doing with these tweets.",-0.9179
fw144av,https://www.reddit.com/r/RightwingLGBT/comments/hfxbdy/this_hypocritical_bitch_will_be_going_on_about/fw144av/,thor615,The KKK guy the media was foaming about Trump denouncing. My point is that she’s no different. A total racist. And a total loser.,-0.8803
fw14ulx,https://www.reddit.com/r/RightwingLGBT/comments/hfxbdy/this_hypocritical_bitch_will_be_going_on_about/fw14ulx/,napkintray,"It could also be that these people are ugly because they never put the effort to be attractive, or to be funny or nice, or to get a good job. And they get all angry at the world for their failures, but they never even try..",0.1154
fw14y0s,https://www.reddit.com/r/RightwingLGBT/comments/hfxbdy/this_hypocritical_bitch_will_be_going_on_about/fw14y0s/,ShadowDestroyerTime,"The reason it matters is that she works for a public institution (university), one in which will take no actions for her saying this but would fire someone for saying ""black lives don't matter"". The hypocrisy that this shows is what is significant. If the university would not fire people for saying ""black lives don't matter"" then this would not have blown up as much as it has.",-0.0305
fw151ii,https://www.reddit.com/r/RightwingLGBT/comments/hfxbdy/this_hypocritical_bitch_will_be_going_on_about/fw151ii/,thor615,Ok so we don’t fucking care about this university then. They’re just as illegitimate and complicit as she is. This is how you play the game folks.,0.796
fw1597m,https://www.reddit.com/r/RightwingLGBT/comments/hfxbdy/this_hypocritical_bitch_will_be_going_on_about/fw1597m/,morph83,Wow :O Thanks for the explanation. That's sly and twisted. And people wonder why the humanities have been getting a bad rap.,0.2656
fw15ao7,https://www.reddit.com/r/RightwingLGBT/comments/hfxbdy/this_hypocritical_bitch_will_be_going_on_about/fw15ao7/,ShadowDestroyerTime,"Except that universities get public funding, aka tax payer money, and thus it is an issue.",0.0
fw15hkb,https://www.reddit.com/r/RightwingLGBT/comments/hfxbdy/this_hypocritical_bitch_will_be_going_on_about/fw15hkb/,thor615,"Yeah there are hurdles like that but if you tried hard enough you could vilify a university to the point that they’d collapse, especially now with covid",-0.5499
fw16tg5,https://www.reddit.com/r/RightwingLGBT/comments/hfxbdy/this_hypocritical_bitch_will_be_going_on_about/fw16tg5/,jbs2537,I’m on your side,0.0
fw16ud8,https://www.reddit.com/r/RightwingLGBT/comments/hfxbdy/this_hypocritical_bitch_will_be_going_on_about/fw16ud8/,thor615,and I’m on yours,0.0
fw1aijl,https://www.reddit.com/r/RightwingLGBT/comments/hfxbdy/this_hypocritical_bitch_will_be_going_on_about/fw1aijl/,uh_ke,Why doesn’t she just kill herself then,-0.6908
fw1cgkt,https://www.reddit.com/r/RightwingLGBT/comments/hfxbdy/this_hypocritical_bitch_will_be_going_on_about/fw1cgkt/,ShadowDestroyerTime,Do you even know what university she works at? Cambridge. If you think you can vilify Cambridge into collapse then you have more optimism than I thought possible.,0.1513
fw1g814,https://www.reddit.com/r/RightwingLGBT/comments/hfxbdy/this_hypocritical_bitch_will_be_going_on_about/fw1g814/,crazymanskrr,that's also coming from who appears to be a white woman,0.0
fw1hr8g,https://www.reddit.com/r/RightwingLGBT/comments/hfxbdy/this_hypocritical_bitch_will_be_going_on_about/fw1hr8g/,rainingbrass,"Not entirely true. Cambridge did take action after her little hate filled rant...they promoted her. No, I'm not joking.",-0.5889
fw1iu71,https://www.reddit.com/r/RightwingLGBT/comments/hfxbdy/this_hypocritical_bitch_will_be_going_on_about/fw1iu71/,WaVancouver,Can't wait til someone murders her.,-0.6124
fw1l8di,https://www.reddit.com/r/RightwingLGBT/comments/hfxbdy/this_hypocritical_bitch_will_be_going_on_about/fw1l8di/,beaverhausen_a,She's been rewarded by Cambridge for this and given a full professorship.,0.4939
fw1ladt,https://www.reddit.com/r/RightwingLGBT/comments/hfxbdy/this_hypocritical_bitch_will_be_going_on_about/fw1ladt/,qckfox,What is it with the Left and these meaningless soundbites,-0.4404
fw1leu9,https://www.reddit.com/r/RightwingLGBT/comments/hfxbdy/this_hypocritical_bitch_will_be_going_on_about/fw1leu9/,anonymoususer_122222,Who is she?,0.0
fw1ofqq,https://www.reddit.com/r/RightwingLGBT/comments/hfxbdy/this_hypocritical_bitch_will_be_going_on_about/fw1ofqq/,MagicBana,So can I kill her without consequences?,-0.7152
fw1rde1,https://www.reddit.com/r/RightwingLGBT/comments/hfxbdy/this_hypocritical_bitch_will_be_going_on_about/fw1rde1/,PriestTheyCalledHim,"A lot of these idiot bigots do this for attention, or because it is in vogue in academia and now the world news, and then are shocked when it comes back to bite them in the arse.",-0.6808
fw21bmj,https://www.reddit.com/r/RightwingLGBT/comments/hfxbdy/this_hypocritical_bitch_will_be_going_on_about/fw21bmj/,crazitaco,Because that would be the honorable thing to do,0.5423
fw22z6o,https://www.reddit.com/r/RightwingLGBT/comments/hfxbdy/this_hypocritical_bitch_will_be_going_on_about/fw22z6o/,ytnthrthrwway,"\&gt; Some non-white saying white lives don't matter.   


I wonder how long it will take for the mainstream to realize that racism comes in all colours of God's beautiful rainbow. Hmmm...",-0.0706
fw234n9,https://www.reddit.com/r/RightwingLGBT/comments/hfxbdy/this_hypocritical_bitch_will_be_going_on_about/fw234n9/,Bdazz,I think hateful makes them ugly. Have you ever seen one of those old women who have that sort of permanent frown on their face and they just glare at you if you say hello? Hateful sinks in deep and marks them for life.,-0.8658
fw23j3f,https://www.reddit.com/r/RightwingLGBT/comments/hfxbdy/this_hypocritical_bitch_will_be_going_on_about/fw23j3f/,ytnthrthrwway,"ikr. Best to acquire weaponry now before it's too late.   


White europeans have gone through what happens when you're at the top and everyone else suffers. We ended it. The British empire was the reason that in much of Africa slavery (A practice older than written history which has touched every corner of the earth) is now illegal.   


The British government bought out every slave in the empire so that they would be free. The cost of this was so great that it was finally repaid in 2015 meaning English people today have paid to end slavery. At the time, the British navy dedicated 1/6th of its fleet to hunting down slavers. 20,000 royal marines died in the process from what I've read.   


We've been through supremacy, have the t-shirt and the old photos to prove it, and have *culturally matured past it.*   


Other cultures like Saudi Arabia ended slavery in 1962. You didn't read that wrong, it really is that late. If we let other races dominate England we had better make damn sure they integrate with British values or before you know it we'll have more human trafficking and ""maids"" than we'll know what to do with. Many I imagine will be white.",-0.2743
fw23lmw,https://www.reddit.com/r/RightwingLGBT/comments/hfxbdy/this_hypocritical_bitch_will_be_going_on_about/fw23lmw/,ytnthrthrwway,"You're a sexy clam, and you're fantastic.",0.7906
fw29550,https://www.reddit.com/r/RightwingLGBT/comments/hfxbdy/this_hypocritical_bitch_will_be_going_on_about/fw29550/,SmoothBeetle,Did OPs account get deleted or banned?,-0.4588
fw2etes,https://www.reddit.com/r/RightwingLGBT/comments/hfxbdy/this_hypocritical_bitch_will_be_going_on_about/fw2etes/,212134,"Wrong.

Women have better rights in India. Abortion is legal in India and False Rape Accusation is a big problem in India BECAUSE of how much rights women have, over men, in India. :)",-0.7269
fw2f038,https://www.reddit.com/r/RightwingLGBT/comments/hfxbdy/this_hypocritical_bitch_will_be_going_on_about/fw2f038/,ShadowDestroyerTime,"Ya, I saw that just a couple hours ago. Wtf...",-0.5859
fw2icxl,https://www.reddit.com/r/RightwingLGBT/comments/hfxbdy/this_hypocritical_bitch_will_be_going_on_about/fw2icxl/,gombut,Well fuck that dude,-0.34
fw2sql7,https://www.reddit.com/r/RightwingLGBT/comments/hfxbdy/this_hypocritical_bitch_will_be_going_on_about/fw2sql7/,CollieSocks,"[I wonder what the thought process behind such a statement is](https://i.imgur.com/x0aXzu6.jpg). 

Whatever this thought process is, I'm sure it's tolerant and very egalitarian.",0.5267
fw34j66,https://www.reddit.com/r/RightwingLGBT/comments/hfxbdy/this_hypocritical_bitch_will_be_going_on_about/fw34j66/,CredibleCriminal,Indian men have free will you know,0.5106
fw3d5a5,https://www.reddit.com/r/RightwingLGBT/comments/hfxbdy/this_hypocritical_bitch_will_be_going_on_about/fw3d5a5/,chambertlo,Look at her profile picture. Several white men have turned her down and she is bitter. She’s probably a misandrist feminist for the same reason. Lmao.,0.2732
fw5k7t9,https://www.reddit.com/r/RightwingLGBT/comments/hfxbdy/this_hypocritical_bitch_will_be_going_on_about/fw5k7t9/,why_username_took,Didn’t she say n***** after?,0.0
hfxbdy,https://www.reddit.com/r/RightwingLGBT/comments/hfxbdy/this_hypocritical_bitch_will_be_going_on_about/,Tina-18,,0.0
