1298894279365087233,https://twitter.com/TRJForBloggers/status/1298894279365087233,TRJForBloggers,Thursday All Links!\n\nüåêLeave links to anything you want to promote\n\nüåêInteract &amp; follow like-minded people\n\nüåêJoin our group chatüëâüèªhttps://t.co/towLv2KQSc\n\nüåêJoin our Facebook groupüëâüèª https://t.co/35xPkv8JpF\n\n#TRJForBloggers #blogging #bloggercommunity,0.1511
1299804756622405633,https://twitter.com/Mehsi_Hime/status/1299804756622405633,Mehsi_Hime,@TRJForBloggers https://t.co/6SeuiaLn5M\n\nhttps://t.co/hgkPlBTXDB\n\nhttps://t.co/lB1ms02dGm,0.0
1299352583556009986,https://twitter.com/TheBunniesPatch/status/1299352583556009986,TheBunniesPatch,"@TRJForBloggers We share meatless recipes, here's our latest! üíï https://t.co/aDy5ccOZbw",0.7777
1299347652124053504,https://twitter.com/imallbookedupYA/status/1299347652124053504,imallbookedupYA,@TRJForBloggers https://t.co/6Vq4zsMAac,0.0
1299339097648050177,https://twitter.com/CarleyConcepts/status/1299339097648050177,CarleyConcepts,@TRJForBloggers https://t.co/QE9EibO6KR,0.0
1299337659438043137,https://twitter.com/TatiannaAnneJ/status/1299337659438043137,TatiannaAnneJ,@JVan3610 @TRJForBloggers SQ and EQ def need to be taught along with IQ,0.0
1298947047454699523,https://twitter.com/PoojaGarg5/status/1298947047454699523,PoojaGarg5,@TRJForBloggers Things actually work out well &amp; positive if one knows how to motivate yourself.\n\nhttps://t.co/CZdeGRWIep,0.8074
1299337574952173569,https://twitter.com/TatiannaAnneJ/status/1299337574952173569,TatiannaAnneJ,@PoojaGarg5 @TRJForBloggers Inspirational!,0.5562
1298938505889021953,https://twitter.com/BaileyLeahBlogs/status/1298938505889021953,BaileyLeahBlogs,"@TRJForBloggers Here‚Äôs my latest post, new in beauty I‚Äôm loving! I share some new gems I‚Äôve been trying recently and love https://t.co/rQGUWA9V6X ü¶ã",0.937
1299337492903100416,https://twitter.com/TatiannaAnneJ/status/1299337492903100416,TatiannaAnneJ,@BaileyLeahBlogs @TRJForBloggers Beauty booty blogs are so fun!,0.8531
1298932606696857600,https://twitter.com/AbundanceFlavor/status/1298932606696857600,AbundanceFlavor,@TRJForBloggers Classic chicken noodle soup turned up a few notches with a Greek lemony twist üòçüçãüçú\n\nhttps://t.co/FBndRQzxdx,0.4588
1299337380416155648,https://twitter.com/TatiannaAnneJ/status/1299337380416155648,TatiannaAnneJ,"@AbundanceFlavor @TRJForBloggers Fresh twist, great for the end of summer :)",0.8555
1298989102147047426,https://twitter.com/StarvingBlog/status/1298989102147047426,StarvingBlog,"@TRJForBloggers Happy Thursday all!  Follow The Starving Artist Blog for food, art, inspiration, and wellness üíú\n\nInsta: https://t.co/qJKAXsmRhn\nPinterest: https://t.co/ZBRMxkF3SI\nTwitter: @StarvingBlog \nFB: https://t.co/LMoECS3cmC\nBlog: https://t.co/1lCG9xYxum\nPatreon: https://t.co/GfO175hFcI",0.8172
1299337253345517568,https://twitter.com/TatiannaAnneJ/status/1299337253345517568,TatiannaAnneJ,@StarvingBlog @TRJForBloggers This looks amazing!,0.6239
1298910899764260864,https://twitter.com/BabyBoomerSaves/status/1298910899764260864,BabyBoomerSaves,@TRJForBloggers Happy Thursday! Would love some views &amp; comments on my latest post. Will return all comments! \nhttps://t.co/00RiNWl3hm,0.8585
1299337186697977856,https://twitter.com/TatiannaAnneJ/status/1299337186697977856,TatiannaAnneJ,@BabyBoomerSaves @TRJForBloggers Education needs a focus!,0.0
1299091798141202434,https://twitter.com/johnrieber/status/1299091798141202434,johnrieber,"@TRJForBloggers I made the ""Big Kahuna"" Burger from ""Pulp Fiction""  as my ""Dinner And A Movie"" selection - here is the recipe: https://t.co/yvd4bANOWe https://t.co/su9JS9L7Tl",0.0
1299337074764644352,https://twitter.com/TatiannaAnneJ/status/1299337074764644352,TatiannaAnneJ,"@johnrieber @TRJForBloggers Food blogs are awesome, and hilarious topic!",0.7959
1299033692233498624,https://twitter.com/nataliebarletta/status/1299033692233498624,nataliebarletta,@TRJForBloggers Hi everyone! Here‚Äôs a link to my latest: https://t.co/wktWsi2TPW also here‚Äôs a link on my Instagram for my blog: I‚Äôm only a few away from hitting 300 followers! https://t.co/Yrhz7uCjBP,0.0
1299337001624363010,https://twitter.com/TatiannaAnneJ/status/1299337001624363010,TatiannaAnneJ,@nataliebarletta @TRJForBloggers Congrats!,0.5707
1298928227684175872,https://twitter.com/selfcareseaair/status/1298928227684175872,selfcareseaair,@TRJForBloggers Hey guys I'd love to follow some more accounts on Instagram! Mine's https://t.co/A4ZDuvqeCg üåø https://t.co/IOEMSm4C8c,0.6696
1299336942581100546,https://twitter.com/TatiannaAnneJ/status/1299336942581100546,TatiannaAnneJ,@selfcareseaair @TRJForBloggers Love the triptychs!,0.6696
1298928880917544960,https://twitter.com/GlenisKellet/status/1298928880917544960,GlenisKellet,"@TRJForBloggers Hi, https://t.co/TGSL3oL3RF great ratings 4.40 today!\nGrady rated it 5 stars! - Written in a most engaging style, this new novel by Glenis Kellet places her solidly in the arena of important contemporary authors. Very highly recommended. \nhttps://t.co/OuI24vkPqA",0.9161
1299336868031606784,https://twitter.com/TatiannaAnneJ/status/1299336868031606784,TatiannaAnneJ,"@GlenisKellet @TRJForBloggers Lol, what a strange subject, but really interesting.",0.6694
1298904139129389058,https://twitter.com/KaraleeCupcake/status/1298904139129389058,KaraleeCupcake,@TRJForBloggers My latest post \nhttps://t.co/iDrjWEUHQ0,0.0
1299336717946716160,https://twitter.com/TatiannaAnneJ/status/1299336717946716160,TatiannaAnneJ,@KaraleeCupcake @TRJForBloggers This is so cute!,0.632
1298962610914824194,https://twitter.com/AlexandrraStt/status/1298962610914824194,AlexandrraStt,"@TRJForBloggers https://t.co/pE1zhXhFzw This is my personal #lifestyle and wellness #blog üíõ I blog about healthy lifestyle, mental health, #nutrition, #blogging, and beauty.üíª Enjoy your stay! ‚òïÔ∏è",0.9523
1299336679476678661,https://twitter.com/TatiannaAnneJ/status/1299336679476678661,TatiannaAnneJ,"@AlexandrraStt @TRJForBloggers Knowing ingredients is so key, it's what we put in our bodies!",0.0
1298921161166934016,https://twitter.com/OnMornings/status/1298921161166934016,OnMornings,@TRJForBloggers Will return the love https://t.co/7gxORpwPMm,0.6369
1299336546106118144,https://twitter.com/TatiannaAnneJ/status/1299336546106118144,TatiannaAnneJ,@OnMornings @TRJForBloggers Love these articles!,0.6696
1299326276965208064,https://twitter.com/hubner_t/status/1299326276965208064,hubner_t,"@TRJForBloggers Hi there, I‚Äôm T‚ÄôJ and this is my website which advertises my book (A Dementia Carer Poems) along with six blogs in one place.\nhttps://t.co/xs3PS15tel\nhttps://t.co/DIEuOg65N0\nhttps://t.co/qILmYX8hJ6\n\nFree on #Kindleunlimited.\nhttps://t.co/xKq21aaf7J \nhttps://t.co/VM6CFZFDjN",0.0
1299289570622791683,https://twitter.com/I_Endeavour/status/1299289570622791683,I_Endeavour,Here is a sneak peek of a scene from my book trailer coming out later this year.\nLook forward to bringing you along on the journey \nAlso check out the latest post \nhttps://t.co/pngz8bLDlP\n\n#FridayFeeling #writing #writerslift #WritingCommunity #animation #digitalart #creativity https://t.co/bFMLItafIJ,0.3818
1299324092026363904,https://twitter.com/I_Endeavour/status/1299324092026363904,I_Endeavour,@TRJForBloggers https://t.co/DSEi3OOv5g,0.0
1299237703763009536,https://twitter.com/melkacar/status/1299237703763009536,melkacar,@nataliebarletta @TRJForBloggers Thank you so much! üíï I just left a comment on your latest &amp; followed you back!,0.8247
1299282579577876481,https://twitter.com/nataliebarletta/status/1299282579577876481,nataliebarletta,@melkacar @TRJForBloggers Thank you!,0.4199
1299033328566317061,https://twitter.com/nataliebarletta/status/1299033328566317061,nataliebarletta,@melkacar @TRJForBloggers Followed on Instagram and commented. This was such a great review!,0.6588
1299119979942510594,https://twitter.com/GodinhoJerry/status/1299119979942510594,GodinhoJerry,@TRJForBloggers https://t.co/4BHeD8U9Yf,0.0
1299077818828103697,https://twitter.com/simplylayxx/status/1299077818828103697,simplylayxx,@TRJForBloggers This is my latest YouTube video. It‚Äôs a collab so it was really fun to film https://t.co/rQReNRxDd9,0.5563
1299074607559958528,https://twitter.com/GarciaFamilyUK/status/1299074607559958528,GarciaFamilyUK,@TRJForBloggers We Vlog and Blog about: \n\n#Family | #FamilyTravels | #FamilyDaysOut | #ToyReviews | #Activities | #Disney | #FoodReviews\n\nüê¶: @GarciaFamilyUK \nüìç: https://t.co/xhagIMYpua\nüì∏: https://t.co/e6KgTeMvyP\nüñä: https://t.co/TL902sZfLj\nüé¨: https://t.co/8I8HebirEF,0.0
1298989080995274754,https://twitter.com/AbundanceFlavor/status/1298989080995274754,AbundanceFlavor,@stefmicalleff @TRJForBloggers great video! the instant coffee sounds sooo good!,0.8217
1299071937344352258,https://twitter.com/stefmicalleff/status/1299071937344352258,stefmicalleff,@AbundanceFlavor @TRJForBloggers Thank youüíõüíõ,0.8979
1299064242973241344,https://twitter.com/ashadmukadam/status/1299064242973241344,ashadmukadam,@TRJForBloggers https://t.co/tLPhA0ZrTD,0.0
1299064471336312837,https://twitter.com/ashadmukadam/status/1299064471336312837,ashadmukadam,"@TRJForBloggers Photography website - https://t.co/J0XfA0XbNC\n\nBuy photo products, prints, and downloads - https://t.co/vDjaYlyack\n\nAdditional prints and downloads - https://t.co/HmTgjEGh5n",0.0
1299064339253456896,https://twitter.com/ashadmukadam/status/1299064339253456896,ashadmukadam,@TRJForBloggers My writing website is https://t.co/XyVDkBkj0O,0.0
1299064299353026560,https://twitter.com/ashadmukadam/status/1299064299353026560,ashadmukadam,@TRJForBloggers https://t.co/CSl41KQPHK,0.0
1299064275445534720,https://twitter.com/ashadmukadam/status/1299064275445534720,ashadmukadam,@TRJForBloggers https://t.co/Hy27zKGk4Y,0.0
1299046486899122176,https://twitter.com/Saffronandcyrus/status/1299046486899122176,Saffronandcyrus,@TRJForBloggers https://t.co/QJa6D0W7Wp,0.0
1299016610339000323,https://twitter.com/EloualiSabrine/status/1299016610339000323,EloualiSabrine,"@TRJForBloggers Hi all! My blogs raise awareness on mental health and I share my personal struggles in order to help others. I also post some of my poetry! Please give them a follow on, \nIG: https://t.co/PtMaSGlo5Z Wordpress: https://t.co/4E7MDcgSOg üòä",0.8829
1299033794268278785,https://twitter.com/nataliebarletta/status/1299033794268278785,nataliebarletta,@EloualiSabrine @TRJForBloggers Followed you on Instagram üôÇ,0.4033
1299023686356422657,https://twitter.com/melkacar/status/1299023686356422657,melkacar,@TRJForBloggers Happy Thursday! Here's my latest: https://t.co/uhRA0QwU2T ü§éüåø\n\nhttps://t.co/UsI6Vzek42\n\nI follow back &amp; return all comments!\n\nhttps://t.co/nGs2uYiOfi,0.6467
1299024503176146945,https://twitter.com/Flyhieeofficial/status/1299024503176146945,Flyhieeofficial,@melkacar @TRJForBloggers https://t.co/96B92aLRFk,0.0
1299018260323631105,https://twitter.com/easy_fiverr/status/1299018260323631105,easy_fiverr,"@TRJForBloggers Blog Post Buyer Request On Fiverr Check out it, I would like to appreciate if you will share/Retweet with #freelancers \n\nhttps://t.co/SzEEHU3Eqm\nWill returning all comments  x\n#blogger #blogging #bloggers @GoldenBloggerz @USBloggerRT",0.6808
1298990271313584128,https://twitter.com/vaneshmali/status/1298990271313584128,vaneshmali,@decouvrirlavie @TRJForBloggers RTed.,0.0
1299013889527611392,https://twitter.com/decouvrirlavie/status/1299013889527611392,decouvrirlavie,@vaneshmali @TRJForBloggers Thanks Vanesh! üôè,0.4926
1299008533262929922,https://twitter.com/NasheLee_/status/1299008533262929922,NasheLee_,@TRJForBloggers https://t.co/S4PbejkdrZ,0.0
1299003272695443458,https://twitter.com/bloominganomaly/status/1299003272695443458,bloominganomaly,@TRJForBloggers https://t.co/BAkCjkQbQH,0.0
1298998353527582726,https://twitter.com/iamoyeniyiok/status/1298998353527582726,iamoyeniyiok,@TRJForBloggers https://t.co/S8g26O3XIX,0.0
1298998330115018753,https://twitter.com/iamoyeniyiok/status/1298998330115018753,iamoyeniyiok,@TRJForBloggers https://t.co/T5JJloakFF,0.0
1298998306371022849,https://twitter.com/iamoyeniyiok/status/1298998306371022849,iamoyeniyiok,@TRJForBloggers https://t.co/vCMtzPMklT,0.0
1298998282341892099,https://twitter.com/iamoyeniyiok/status/1298998282341892099,iamoyeniyiok,@TRJForBloggers https://t.co/GgJ8Oli2cA,0.0
1298992458110394369,https://twitter.com/_laurenken/status/1298992458110394369,_laurenken,@vaneshmali @TRJForBloggers Thank you so much! Very glad to hear that‚ò∫Ô∏è,0.8537
1298992559922929668,https://twitter.com/vaneshmali/status/1298992559922929668,vaneshmali,@_laurenken Welcome!,0.5093
1298990877730172931,https://twitter.com/vaneshmali/status/1298990877730172931,vaneshmali,@_laurenken @TRJForBloggers I like your blog.\n\nUser-friendly navigations.\n\nLiked the Instagram posts integration at the bottom.,0.3612
1298991241061834761,https://twitter.com/vaneshmali/status/1298991241061834761,vaneshmali,@lovemhtspace @TRJForBloggers Google Search Console really helps bloggers or website owners to improve!,0.7257
1298992150512689156,https://twitter.com/mhtspace/status/1298992150512689156,mhtspace,@vaneshmali @TRJForBloggers Sure it helps to track our data in Google SERP,0.5994
1298904806900109312,https://twitter.com/mhtspace/status/1298904806900109312,mhtspace,@TRJForBloggers https://t.co/Tw1Dc941fF,0.0
1298919612655038465,https://twitter.com/_laurenken/status/1298919612655038465,_laurenken,@TRJForBloggers My blog is over at https://t.co/kwHRaX2oZL üíì,0.875
1298921073052979201,https://twitter.com/AndSmelly/status/1298921073052979201,AndSmelly,@TRJForBloggers ‚òÜNew: Pause and play\n\nhttps://t.co/6W7QizRwCN,0.0
1298990875020673026,https://twitter.com/AbundanceFlavor/status/1298990875020673026,AbundanceFlavor,@AndSmelly @TRJForBloggers commented :),0.4588
1298953720097431559,https://twitter.com/dreamerschalk/status/1298953720097431559,dreamerschalk,@TRJForBloggers Need more followers! I follow back üòâ\n\nhttps://t.co/HopO4hR6Cu,0.0
1298990495482261505,https://twitter.com/vaneshmali/status/1298990495482261505,vaneshmali,@dreamerschalk @TRJForBloggers Followed.,0.0
1298919737364275201,https://twitter.com/decouvrirlavie/status/1298919737364275201,decouvrirlavie,@TRJForBloggers Hello guys!\n\nWe‚Äôre looking for one-off OR regular contributors to write with us. \n\nüìù Come and share your stories with readers from 131 countries! üåç\n\nhttps://t.co/Lx38zGcfF6,0.4184
1298990067667447810,https://twitter.com/vaneshmali/status/1298990067667447810,vaneshmali,@TRJForBloggers @yaaau5356 I would love it if you follow my blog's LinkedIn page:\nhttps://t.co/FcFoI8FcSJ,0.6369
1298902828673576960,https://twitter.com/stefmicalleff/status/1298902828673576960,stefmicalleff,@TRJForBloggers Hi everyoneüñ§ Here's my latest Youtube video! Your support is highly appreciatedüñ§üñ§ https://t.co/0ITw6SN7yu,0.9659
1298245376013631488,https://twitter.com/jenntoniclife/status/1298245376013631488,jenntoniclife,"After following the sage advice from my hairdresser and reading Curly Girl: The Handbook, here's what I do to take care of my 2c/3a curly hair: https://t.co/mDd10Vn7yQ\n\n#BloggersHutRT @BloggersHut #bloggerlife #bloggerstribe #curlygirlmethod #curlyhairmethod https://t.co/vtGbPbWCT4",0.4939
1298982294787510282,https://twitter.com/jenntoniclife/status/1298982294787510282,jenntoniclife,@TRJForBloggers https://t.co/bUoTPdieEH,0.0
1298972105699192837,https://twitter.com/javibuckets/status/1298972105699192837,javibuckets,@TRJForBloggers My latest blog post. https://t.co/jgTea9c8Bm,0.0
1298971137163096064,https://twitter.com/aspoonofvanilla/status/1298971137163096064,aspoonofvanilla,@TRJForBloggers https://t.co/NXHFVc5GRP \nhttps://t.co/8hSz1o0QQc\nhttps://t.co/d68FmZlfaA \nhttps://t.co/ZduW5gHo4t,0.0
1298969220512972800,https://twitter.com/GetEcohappiness/status/1298969220512972800,GetEcohappiness,@TRJForBloggers How Nature Can Help Your Family Survive The Stress Of Online Learning\nhttps://t.co/iVwTgaFXsO,-0.0258
1298968595867697159,https://twitter.com/AcreativeW/status/1298968595867697159,AcreativeW,@TRJForBloggers https://t.co/92BZ6YdK7R,0.0
1298955660621688832,https://twitter.com/togetherqueens/status/1298955660621688832,togetherqueens,@TRJForBloggers https://t.co/D7A6pUBtB9,0.0
1298953479705096193,https://twitter.com/thoughtswithn/status/1298953479705096193,thoughtswithn,@TRJForBloggers Hey my newest is \nhttps://t.co/MSoArc8gtI,0.0
1298949022955327488,https://twitter.com/WandererPharaoh/status/1298949022955327488,WandererPharaoh,@TRJForBloggers https://t.co/D2xmtAUUe2,0.0
1298947449139101698,https://twitter.com/ProblemsAndPro1/status/1298947449139101698,ProblemsAndPro1,"@TRJForBloggers Returning comments and follows! \n\nIf you're looking to save money, eat better, live more sustainability, grow your homestead, or increase your preparedness, even as a beginner, this is for you.\n\nhttps://t.co/gMmqwaYw8x",0.8268
1298945800450514945,https://twitter.com/kpate1498/status/1298945800450514945,kpate1498,@TRJForBloggers Hi there. I cover tech shares that are under ¬£10 and could be worth keeping an eye on.\nCheck it out\n https://t.co/HmToE1NuXG,0.4767
1298940112882069504,https://twitter.com/AuthorElyseC/status/1298940112882069504,AuthorElyseC,"@TRJForBloggers Author Website/Blog showcases free short fantasy stories, story lore on my current project, and character of the day from the same project.  https://t.co/NNMD37IipY",0.5106
1298927135550328833,https://twitter.com/blushrougette/status/1298927135550328833,blushrougette,"@TRJForBloggers Hi there, I write a travel blog full of tips, travel guides &amp; food reviews from all over the world üåç Check it out for some travel inspo!\n\nüíª https://t.co/1DUJhfMdPd\nüì∑ Instagram: https://t.co/3dtabYTrSf\nüìå Pinterest: https://t.co/SeZ9iYYpKF\nüíª Bloglovin: https://t.co/ElCu27bCG8",0.0
1298924756276858880,https://twitter.com/mezmerize217/status/1298924756276858880,mezmerize217,@TRJForBloggers Pictures from Marrakesh\nhttps://t.co/VXeAXu0CHg,0.0
1298921178023833600,https://twitter.com/susan1375/status/1298921178023833600,susan1375,@TRJForBloggers I don‚Äôt unfollow #Bloglovin            \n https://t.co/cdi1S4EG6A                            \n#Blog: https://t.co/7SszbOXCKi,0.0
1298916709714325504,https://twitter.com/lifewithsonia/status/1298916709714325504,lifewithsonia,@TRJForBloggers Affordable Short course for you \nhttps://t.co/mh57cu6tiq,0.0
1298913935391944705,https://twitter.com/Didi_Crawford/status/1298913935391944705,Didi_Crawford,@TRJForBloggers üè°EBOOK ALERTüè° Get On the Property Ladder - How To Save for a House Without the Bank of Mum and Dad https://t.co/8935hsNBpG #PropertyInvestment #firsttimehomebuyer,0.7297
1298898776053239808,https://twitter.com/_ldnlifestyle/status/1298898776053239808,_ldnlifestyle,@TRJForBloggers My latest post - all comments returned üåüüíñ\n\nhttps://t.co/86WRjm8K9N,0.296
1298912758646206465,https://twitter.com/BabyBoomerSaves/status/1298912758646206465,BabyBoomerSaves,@_ldnlifestyle @TRJForBloggers Commented! üåª,0.0
1298908511057960960,https://twitter.com/MeiliFisayo/status/1298908511057960960,MeiliFisayo,@TRJForBloggers https://t.co/3LyrYNzt4x,0.0
1298907091164442624,https://twitter.com/NikesCorner/status/1298907091164442624,NikesCorner,@TRJForBloggers https://t.co/dEBX6KqD6M,0.0
1298906980430442497,https://twitter.com/chhaya_ki_maya/status/1298906980430442497,chhaya_ki_maya,"@TRJForBloggers Join FB page\nhttps://t.co/Tc48Zlr340\nGetting bored, \nRead üëá\n'Mesmerizing world of short stories' on Amazon Kindle.\nBelow is the link.\nhttps://t.co/LLavtKkcfV",0.2023
1298906300399656960,https://twitter.com/thetripstreats/status/1298906300399656960,thetripstreats,@TRJForBloggers Check out one of my blog posts. #newblogger üíö https://t.co/qiTKjvuTxX,0.6369
1298855663616118785,https://twitter.com/thextraordinari/status/1298855663616118785,thextraordinari,"Lifting lives 140 characters a time. Germany Kent #twitterquote #TBT https://t.co/XKpVlr08aG \n\n#thursdayblogclub transforms, educates &amp; informs \n#growthzone #thextraordinarionly .@hazloe3 #BusinessStrategy #TBT #contentmarketing #flipyourthoughts #flipyourife #success #creatives https://t.co/Tt7y4jOOuh",0.5719
1298902429753323520,https://twitter.com/Hazloe3/status/1298902429753323520,Hazloe3,@TRJForBloggers https://t.co/0S3xkb4xWU,0.0
1298901220480835586,https://twitter.com/prettysam15/status/1298901220480835586,prettysam15,@TRJForBloggers Here is my blog link ü§óüå∑üòÄüòÄ\nhttps://t.co/KQyNvG3aiO,0.7783
1298901114331500544,https://twitter.com/FOAFakeAdult/status/1298901114331500544,FOAFakeAdult,@TRJForBloggers Here‚Äôs my latest blog post https://t.co/YlDzKqYRxl,0.0
1298900689805074435,https://twitter.com/Discreetandmeek/status/1298900689805074435,Discreetandmeek,@TRJForBloggers Please read and comment on my new blog post \n\nhttps://t.co/FDSIEUg1Od,0.3182
1298899271224352768,https://twitter.com/Castles_Turrets/status/1298899271224352768,Castles_Turrets,"@TRJForBloggers Hi all! I share about castles, historic buildings and all my adventures, would love to hit my next target soon üíñ\nhttps://t.co/Xa8MtUCEVB",0.8832
1298898559052517376,https://twitter.com/acurvyvegan/status/1298898559052517376,acurvyvegan,@TRJForBloggers Returning all comments after work \n\nhttps://t.co/4SBWKakVlZ,0.0
1298898501611352065,https://twitter.com/Abyss__Dreaming/status/1298898501611352065,Abyss__Dreaming,@TRJForBloggers https://t.co/NVYTLOPKpS,0.0
1298897953650872320,https://twitter.com/hannxhs_photos/status/1298897953650872320,hannxhs_photos,@TRJForBloggers My goal for my blog is 200 followers ~\nhttps://t.co/hQQGOnoKph\n\nMy goal for my Instagram is 800 followers ~\nhttps://t.co/WPrsPjK8RO,0.0
1298897160319139840,https://twitter.com/UnwantedLife_Me/status/1298897160319139840,UnwantedLife_Me,@TRJForBloggers Blog https://t.co/ayfGlnK0HM\nFB https://t.co/KUKTaAJKAo\nPin https://t.co/lVNv9AxRRm\nIG https://t.co/jHeGkOaaCU\nBloglovin' https://t.co/enRs0f0DOa\nMix https://t.co/r2zNP6v1Y6\nReddit https://t.co/usXP5D2D3j\nKo-Fi https://t.co/sdPXEt1L30\nPayPal https://t.co/vTwWN90gwq,0.0
1298897052903104512,https://twitter.com/shadray001/status/1298897052903104512,shadray001,@TRJForBloggers Let's go a lil bit naughty today. \n\n‚ÄúMy Name Cannot Be Un Moaned.‚Äù by Kinene Shadray Marvin https://t.co/nvUIqm3cDO,0.0
1298896546050834432,https://twitter.com/shadray001/status/1298896546050834432,shadray001,"@TRJForBloggers Do you remember the days of love letters? The anxiety, mood, tension...¬†\nhttps://t.co/i8XXvzRRnC",0.296
1298896079195443200,https://twitter.com/Chalkcheese111/status/1298896079195443200,Chalkcheese111,@TRJForBloggers https://t.co/07oncAdP2v,0.0
1298895898056028165,https://twitter.com/KellyReportBlog/status/1298895898056028165,KellyReportBlog,@TRJForBloggers I'd love to reach 500 followers on my blog by the end of the month \nhttps://t.co/DPeAWD1b7g,0.6486
1298895643126247424,https://twitter.com/Elliesworldx/status/1298895643126247424,Elliesworldx,@TRJForBloggers üíª: https://t.co/ZUVsJzUb6z\nüì∑: https://t.co/tmIKHma0U5\nüìå https://t.co/bc4nzcmZTu,0.0
1298895456794222592,https://twitter.com/47b0b3111b3a446/status/1298895456794222592,47b0b3111b3a446,@TRJForBloggers https://t.co/P4Q8tuHUXb\nFollow me I follow you back,0.0
1298894980577189888,https://twitter.com/chaptersofmayy/status/1298894980577189888,chaptersofmayy,@TRJForBloggers üñ•: https://t.co/cfE9NFSBee \nüì∏: https://t.co/E4Sc2glPPy\nüìç: https://t.co/Wrl4XDAgXB \nüìñ: https://t.co/Lab1aaLPsT \nhttps://t.co/cfE9NFSBee,0.0
