1383593348368240643,https://twitter.com/negroduh23/status/1383593348368240643,negroduh23,@Miskiiya @MsEzinne @sabrin0x @CKHyppolite @swilllax24 @labellerose30 @AsmeretWM Haiti don‚Äôt need to be apart of this so called African Union we‚Äôre carribean,0.0
1359952653174910976,https://twitter.com/mulavitu/status/1359952653174910976,mulavitu,@CKHyppolite @Miskita_G @labellerose30 @AsmeretWM @sabrin0x you are more welcome to african. This is your motherland.,0.5095
1383447213792129027,https://twitter.com/negroduh23/status/1383447213792129027,negroduh23,@mulavitu @CKHyppolite @labellerose30 @AsmeretWM @sabrin0x We don‚Äôt need to be apart of the African Union we‚Äôre carribean I‚Äôm happy that it was denied,0.2023
1360950175322288129,https://twitter.com/CKHyppolite/status/1360950175322288129,CKHyppolite,@fadaJai1 @Calljoboepodeck @sabrin0x @swilllax24 @Fuad_Murcood @Miskita_G @labellerose30 @AsmeretWM Does it mean suffocating from anger?,-0.5719
1360952077720170498,https://twitter.com/fadaJai1/status/1360952077720170498,fadaJai1,@CKHyppolite @Calljoboepodeck @sabrin0x @swilllax24 @Fuad_Murcood @Miskita_G @labellerose30 @AsmeretWM Not necessarily suffocating from anger.,-0.5719
1360950303735054336,https://twitter.com/Calljoboepodeck/status/1360950303735054336,Calljoboepodeck,@CKHyppolite @fadaJai1 @sabrin0x @swilllax24 @Fuad_Murcood @Miskita_G @labellerose30 @AsmeretWM No... exhausting,-0.3612
1360849625184432128,https://twitter.com/fadaJai1/status/1360849625184432128,fadaJai1,@CKHyppolite @Calljoboepodeck @sabrin0x @swilllax24 @Fuad_Murcood @Miskita_G @labellerose30 @AsmeretWM @CKHyppolite hope you got the answer???,0.533
1360730032633761795,https://twitter.com/CKHyppolite/status/1360730032633761795,CKHyppolite,@Calljoboepodeck @fadaJai1 @sabrin0x @swilllax24 @Fuad_Murcood @Miskita_G @labellerose30 @AsmeretWM What does choke mean in this context?,-0.5423
1360743315768029184,https://twitter.com/Calljoboepodeck/status/1360743315768029184,Calljoboepodeck,"@CKHyppolite @fadaJai1 @sabrin0x @swilllax24 @Fuad_Murcood @Miskita_G @labellerose30 @AsmeretWM Nigerian slogan.... means the thread is ""suffocating """,0.0
1360723851496345610,https://twitter.com/Calljoboepodeck/status/1360723851496345610,Calljoboepodeck,@fadaJai1 @sabrin0x @CKHyppolite @swilllax24 @Fuad_Murcood @Miskita_G @labellerose30 @AsmeretWM You feel am too?,0.0
1359960735191859203,https://twitter.com/fadaJai1/status/1359960735191859203,fadaJai1,@sabrin0x @CKHyppolite @swilllax24 @Fuad_Murcood @Miskita_G @labellerose30 @AsmeretWM Everywhere dey choke under this thread o.,-0.5423
1360609026598440966,https://twitter.com/CKHyppolite/status/1360609026598440966,CKHyppolite,@ogsomaliskeptic @xspotsdamark @fakedeathincuba @sabrin0x @swilllax24 @Fuad_Murcood @Miskita_G @labellerose30 @AsmeretWM I have to say I have not come across this combo of hateful peppered with delusion before.,-0.4939
1360660129234976768,https://twitter.com/AsmeretWM/status/1360660129234976768,AsmeretWM,@CKHyppolite @ogsomaliskeptic @xspotsdamark @fakedeathincuba @sabrin0x @swilllax24 @Fuad_Murcood @Miskita_G @labellerose30 I think u should look up the words 'hateful' &amp; 'delusion' in the dictionary bc I don't think u know what it means. It's the black and Bantu supremacists that are threatening to throw Horn &amp; North Africans in the sea just bc we want to live in our own sovereign nations.,-0.8074
1360321900023578629,https://twitter.com/masj095/status/1360321900023578629,masj095,@xspotsdamark @Miskita_G @sabrin0x @swilllax24 @Fuad_Murcood @labellerose30 @AsmeretWM What's your point when u can't stick on your own land too. https://t.co/JO9fmcefra,0.0
1360323118116470786,https://twitter.com/xspotsdamark/status/1360323118116470786,xspotsdamark,@masj095 @Miskita_G @sabrin0x @swilllax24 @Fuad_Murcood @labellerose30 @AsmeretWM Huh??? I'm in the land in which my ancestors have been for the last 400 years. You must assume I'm from Africa,0.0
1360235299004166147,https://twitter.com/xspotsdamark/status/1360235299004166147,xspotsdamark,@masj095 @Miskita_G @sabrin0x @swilllax24 @Fuad_Murcood @labellerose30 @AsmeretWM Tell them to stick to their lands https://t.co/nxz38Tg2Sp,0.0
1360319741236240385,https://twitter.com/masj095/status/1360319741236240385,masj095,"@Miskita_G @Fuad_Murcood @CKHyppolite @xspotsdamark @sabrin0x @swilllax24 @labellerose30 @AsmeretWM Wich lies??, turkey's intervention in Somali begun in 2011 wen u started gaining sum stability in yo country of which they only built roads, hospitals and a port. The Turkish army didnt fire a single bullet to bring tht stability but Africa through AMISOM did. Go ahead and deny",-0.4482
1360286716066750470,https://twitter.com/AsmeretWM/status/1360286716066750470,AsmeretWM,"@labellerose30 @CKHyppolite @Miskita_G @sabrin0x The AU has never done anything for Somalia either, except sending soldiers there to exploit and rape desperate\poor women and prolonging their stay indefinitely just so they can continue to get paid in Euros by the EU.  Please leave Eritrea &amp; üá∏üá¥ out of your Pan-Bantunism agenda",-0.6124
1360316170528841730,https://twitter.com/labellerose30/status/1360316170528841730,labellerose30,"@AsmeretWM @CKHyppolite @Miskita_G @sabrin0x We west Africans are not Bantu. when will you people educate yourself on other cultures. instead of blaming the AU, why don‚Äôt y‚Äôall talk to your own people? Y‚Äôall the one killing each other off. when will y‚Äôall understand y‚Äôall the same people? Start with your people sis. ‚úåüèæ bye",-0.6966
1360142663270490114,https://twitter.com/labellerose30/status/1360142663270490114,labellerose30,@AsmeretWM @CKHyppolite @Miskita_G @sabrin0x It‚Äôs even because of the AU all of y‚Äôall have been able to live as refugees in other African countries. the Horn of Africa has been a war zone for the past 20 + years. Where would you all seek refuge when your ethnic groups start killing each other off again?  Use your Brain sis,-0.8519
1360285775993180160,https://twitter.com/AsmeretWM/status/1360285775993180160,AsmeretWM,"@labellerose30 @CKHyppolite @Miskita_G @sabrin0x We Eris fought 30 years for our right to live in our own sovereign country with our own institutions, not so that we would become a Swahili-speaking minority in our own country run by Communists in Cape Town, Lagos, Addis Abeba.",-0.3182
1360285441518370822,https://twitter.com/AsmeretWM/status/1360285441518370822,AsmeretWM,"@labellerose30 @CKHyppolite @Miskita_G @sabrin0x I disagree: The AU ignored Haile Selassie &amp; Derg when they were committing atrocities in Eritrea during our liberation struggle, just like they did when TPLF was invading üá™üá∑ 20 years. The AU is ignoring even the intentional depopulation of Eritrea by the despot Isaias Afwerki.",-0.7269
1360277779690962946,https://twitter.com/AlHakiu/status/1360277779690962946,AlHakiu,@Miskita_G @Fuad_Murcood @CKHyppolite @xspotsdamark @sabrin0x @swilllax24 @labellerose30 @AsmeretWM ü§£ü§£ü§£ü§£,0.9153
1360258294380691460,https://twitter.com/RasThaFarEye/status/1360258294380691460,RasThaFarEye,@sabrin0x @CKHyppolite @swilllax24 @Fuad_Murcood @Miskita_G @labellerose30 @AsmeretWM You‚Äôre just a ‚Äòblack‚Äô Somali? Why you speaking for a whole continent,0.0
1360222824909205506,https://twitter.com/masj095/status/1360222824909205506,masj095,@Miskita_G @xspotsdamark @fakedeathincuba @sabrin0x @CKHyppolite @swilllax24 @Fuad_Murcood @labellerose30 @AsmeretWM Ignorance at work,-0.3612
1360221526537211906,https://twitter.com/masj095/status/1360221526537211906,masj095,@xspotsdamark @fakedeathincuba @sabrin0x @CKHyppolite @swilllax24 @Fuad_Murcood @Miskita_G @labellerose30 @AsmeretWM If it weren't for the civil wars that took place in north Africa u wouldn't have surpassed anything. It will be  beneficial for Africans to build a common ground in more so in both  political and  economical terms,-0.1779
1360233404495708162,https://twitter.com/xspotsdamark/status/1360233404495708162,xspotsdamark,@masj095 @fakedeathincuba @sabrin0x @CKHyppolite @swilllax24 @Fuad_Murcood @Miskita_G @labellerose30 @AsmeretWM Nigeria had the bloodiest civil war in Africa. Go read about the Biafra war,-0.8316
1360229847960875010,https://twitter.com/essay_wrap/status/1360229847960875010,essay_wrap,"@sabrin0x @CKHyppolite @swilllax24 @Fuad_Murcood @Miskita_G @labellerose30 @AsmeretWM So many lost people who without Haiti and it‚Äôs revolutionaries wouldn‚Äôt have the capacity or ability to think, much less advocate for separation and division. PLEASE EDUCATE YOURSELF! LEARN SOME HISTORY!!! Such ignorance and stupidity is beyond me.",-0.5877
1360228189721755648,https://twitter.com/CreationRebel6/status/1360228189721755648,CreationRebel6,"@Miskita_G @sabrin0x @CKHyppolite @swilllax24 @Fuad_Murcood @labellerose30 @AsmeretWM I know you bumped your head when you were young so I'll excuse your ignorance. If you want to fight and not unite you can go play with the children of your own age. I'm too old for the bullshit , Thank you.",-0.4804
1360224563628544004,https://twitter.com/essay_wrap/status/1360224563628544004,essay_wrap,"@Miskita_G @sabrin0x @CKHyppolite @swilllax24 @Fuad_Murcood @labellerose30 @AsmeretWM You 2 are both disgusting abhorrent pieces of shits. Period. @Miskita_G and @labellerose30. Disgusting, anti-black, self-hating coons. Gtfoh with your disgusting anti-African. Y‚Äôall not better than anyone and to shame people for what they‚Äôve gone thru? Fuck y‚Äôall both. Idiots ü§°",-0.9786
1360224275995783176,https://twitter.com/DAAU2016/status/1360224275995783176,DAAU2016,@Miskita_G @teekogooner @xspotsdamark @fakedeathincuba @sabrin0x @CKHyppolite @swilllax24 @Fuad_Murcood @labellerose30 @AsmeretWM Zoomalis and Dignity? üòÇüòÇüòÇüòÇThis happened this week...DIGNITY? Dignity to kill each other like pigsüòÇ...U know damn well that no one wants unity with ur pathetic kind üòÇüòÇüòÇ https://t.co/wGmO5UC1hP,0.9195
1360222377267896323,https://twitter.com/DAAU2016/status/1360222377267896323,DAAU2016,"@Miskita_G @teekogooner @xspotsdamark @fakedeathincuba @sabrin0x @CKHyppolite @swilllax24 @Fuad_Murcood @labellerose30 @AsmeretWM There was no slavery in Botswana. Tswana people were not part of the TAST and are not being enslaved right now. While ur people are being enslaved right now in North Africa and Middle East...Always the same argument with your pathetic kind, slavery...üòÇüòÇ",0.1456
1360223277541707779,https://twitter.com/DAAU2016/status/1360223277541707779,DAAU2016,"@Miskita_G @teekogooner @xspotsdamark @fakedeathincuba @sabrin0x @CKHyppolite @swilllax24 @Fuad_Murcood @labellerose30 @AsmeretWM Most African ethnicities were not part of any slave trade. U are the only ones who brag and use it as an insult to other people because u have nothing else to say...Ur country is useless, ur people are not wanted anywhere, can't feed yourselves, rank at the bottom of every stats",-0.7269
1360221725582106624,https://twitter.com/DAAU2016/status/1360221725582106624,DAAU2016,"@Miskita_G @teekogooner @xspotsdamark @fakedeathincuba @sabrin0x @CKHyppolite @swilllax24 @Fuad_Murcood @labellerose30 @AsmeretWM Yess, i am in my lane, in my country. Ask ur people to stop migrating to other African countries while no one is moving to urs. It is painful to walk through Gaborone and already see ur pathetic kind that adds nothing tangible anywhere...Ask ur people to leave my country, please",-0.6705
1359941777587855365,https://twitter.com/xspotsdamark/status/1359941777587855365,xspotsdamark,"@fakedeathincuba @sabrin0x @CKHyppolite @swilllax24 @Fuad_Murcood @Miskita_G @labellerose30 @AsmeretWM Nigeria alone, has already surpassed all of North Africa in GDP growth without even trying. Nigeria is just 60 years old as a country. Ghana, Senegal, Ivory Coast etc...have the fastest growing economies in Africa today. Even North African countries want join ECOWAS.",0.5859
1360221075729219593,https://twitter.com/DAAU2016/status/1360221075729219593,DAAU2016,"@Miskita_G @teekogooner @xspotsdamark @fakedeathincuba @sabrin0x @CKHyppolite @swilllax24 @Fuad_Murcood @labellerose30 @AsmeretWM No, they are not from my country and even if they were, they still look healthier than your pathetic kind that can't feed each other",-0.0772
1360220897823649794,https://twitter.com/DAAU2016/status/1360220897823649794,DAAU2016,@Miskita_G @teekogooner @xspotsdamark @fakedeathincuba @sabrin0x @CKHyppolite @swilllax24 @Fuad_Murcood @labellerose30 @AsmeretWM üòÇüòÇNo one tried to force unity with u guys. You insert yourself in these conversations as a mechanism of defense since you know that in real life no one wants you anywhere. Ur people look like bats and behave like animals. This is Zoomalia in 2021...Who wants unity with these? https://t.co/jIOCdoZ3xo,0.6486
1360220031653707776,https://twitter.com/DAAU2016/status/1360220031653707776,DAAU2016,"@Miskita_G @teekogooner @xspotsdamark @fakedeathincuba @sabrin0x @CKHyppolite @swilllax24 @Fuad_Murcood @labellerose30 @AsmeretWM üòÇüòÇPoor people in other African countries are and look healthier than the average Zoomali. And this is not me clowning, these are simply facts. Zoomalia is a useless place and in 2021 only mentioned when it comes to refugees, Al-Shabaab, begging, famine and shit like that üòÇ https://t.co/RXiVHpdZd0",-0.0
1360219120244043778,https://twitter.com/DAAU2016/status/1360219120244043778,DAAU2016,@Miskita_G @teekogooner @xspotsdamark @fakedeathincuba @sabrin0x @CKHyppolite @swilllax24 @Fuad_Murcood @labellerose30 @AsmeretWM I posted ppl from UR country. The ppl U posted are not from my country. But do you really believe that the Zoomalis i posted are healthier than the people u posted?üòÇüòÇ Anyone can see that the lady and kid that u posted look better than both of these trash below...Come on Zoomali https://t.co/KlYNqIbwr6,0.9109
1359943613782896642,https://twitter.com/Pundit_Murcood/status/1359943613782896642,Pundit_Murcood,"@CKHyppolite @xspotsdamark @sabrin0x @swilllax24 @Miskita_G @labellerose30 @AsmeretWM All of that on paper , most of it is fake because Kenya itself is a country that the British created but its one of the most corrupted countries in the world , now the government is living on loans from world bank , Somalia recovering from civil war but is a shining star with",-0.7845
1360216696196395008,https://twitter.com/masj095/status/1360216696196395008,masj095,"@Fuad_Murcood @CKHyppolite @xspotsdamark @sabrin0x @swilllax24 @Miskita_G @labellerose30 @AsmeretWM How did u recover from that civil war , was tht archived only by the Somalia gov't ?? I doubt that , u of all African countries shud understand the importance of unity, u benefited from it . Its why u are having these hopes of yo country developing",-0.3527
1360216477706633217,https://twitter.com/DAAU2016/status/1360216477706633217,DAAU2016,@Miskita_G @teekogooner @xspotsdamark @fakedeathincuba @sabrin0x @CKHyppolite @swilllax24 @Fuad_Murcood @labellerose30 @AsmeretWM HAHAHA I bet you don't even know that the first and last picture are also from ir country üòÇüòÇüòÇüòÇüòÇüòÇüòÇZoomalisü§¶üèæ‚Äç‚ôÇÔ∏èAlways begging ü§¶üèæ‚Äç‚ôÇÔ∏è https://t.co/lbVjgIqX4D,0.963
1360215468875931649,https://twitter.com/DAAU2016/status/1360215468875931649,DAAU2016,"@Miskita_G @teekogooner @xspotsdamark @fakedeathincuba @sabrin0x @CKHyppolite @swilllax24 @Fuad_Murcood @labellerose30 @AsmeretWM ""Monkeyssss...Feed us"" üòÇüòÇüòÇüòÇüòÇüòÇüòÇüòÇ https://t.co/1PRfXAhhHE",0.969
1360215126914260993,https://twitter.com/DAAU2016/status/1360215126914260993,DAAU2016,"@Miskita_G @teekogooner @xspotsdamark @fakedeathincuba @sabrin0x @CKHyppolite @swilllax24 @Fuad_Murcood @labellerose30 @AsmeretWM U bats think that using common white insults that they also use to describe your kind, does something to me? Anyone who follows me here knows that i that monkeys are smarter than ZoomalisüòÇüòÇüòÇüòÇAnd ur useless kind should be the last one to talk about reading üòÇüòÇ https://t.co/4BTDLi1vpZ",0.9501
1360212573241696263,https://twitter.com/DAAU2016/status/1360212573241696263,DAAU2016,"@teekogooner @Miskita_G @xspotsdamark @fakedeathincuba @sabrin0x @CKHyppolite @swilllax24 @Fuad_Murcood @labellerose30 @AsmeretWM üòÇüòÇNotice how uses ""Plenty"" and adds ""North and East Africa""...She knows damn well that if she said ""I have seen plenty saying that they will move to Somalia now"" people would clown her to death üòÇüòÇüòÇüòÇüòÇüòÇüòÇ Zoomalis are pathetic üòÇüòÇ",0.9509
1360212089193836545,https://twitter.com/DAAU2016/status/1360212089193836545,DAAU2016,"@Miskita_G @xspotsdamark @fakedeathincuba @sabrin0x @CKHyppolite @swilllax24 @Fuad_Murcood @labellerose30 @AsmeretWM üòÇZoomalis don't want to stay in Zoomalia but are pretending that other Africans are planning to move there üòÇüòÇüòÇ U guys are just pretending on TwitterüòÇ In real life, u guys are trying to escape the Zoo and move to other African countries, while no one wants to move to the Zoo",0.9459
1360205238272155652,https://twitter.com/CreationRebel6/status/1360205238272155652,CreationRebel6,@sabrin0x @CKHyppolite @swilllax24 @Fuad_Murcood @Miskita_G @labellerose30 @AsmeretWM https://t.co/hxwHviinnW,0.0
1360203795611926533,https://twitter.com/CreationRebel6/status/1360203795611926533,CreationRebel6,@sabrin0x @CKHyppolite @swilllax24 @Fuad_Murcood @Miskita_G @labellerose30 @AsmeretWM https://t.co/g3tm1b23MD,0.0
1360203271961538562,https://twitter.com/MalekAkan/status/1360203271961538562,MalekAkan,@sabrin0x @CKHyppolite @swilllax24 @Fuad_Murcood @Miskita_G @labellerose30 @AsmeretWM Heartbreaking that African people throughout the world are now rejecting the revolutionary internationalist and Pan-African ideals of our liberation struggles. What are you all offering in it's place? Regionalism. Tribalism. Sectarianism. Neo-liberalism. Sino-colonialism. Death.,-0.891
1360203221491453952,https://twitter.com/CreationRebel6/status/1360203221491453952,CreationRebel6,@sabrin0x @CKHyppolite @swilllax24 @Fuad_Murcood @Miskita_G @labellerose30 @AsmeretWM https://t.co/lCuiEptBUv,0.0
1360202883002695681,https://twitter.com/CreationRebel6/status/1360202883002695681,CreationRebel6,@sabrin0x @CKHyppolite @swilllax24 @Fuad_Murcood @Miskita_G @labellerose30 @AsmeretWM One day all of us will wake up and come together. https://t.co/oQjEIqt6S1,0.0
1360098082608807938,https://twitter.com/SaRa_panafrikan/status/1360098082608807938,SaRa_panafrikan,@CKHyppolite @blacknoteshub @sabrin0x @swilllax24 @Fuad_Murcood @Miskita_G @labellerose30 @AsmeretWM I'm an East African from Kenya..  a serial pan afrikanist.. and I'd love for you black folks all around the world to own pan afrikanism.. we're all one under the sun.. it'll be my honor to share the afrikan passport with you all.. forget the other madness,0.7003
1360148747485929472,https://twitter.com/blacknoteshub/status/1360148747485929472,blacknoteshub,@SaRa_panafrikan @CKHyppolite @sabrin0x @swilllax24 @Fuad_Murcood @Miskita_G @labellerose30 @AsmeretWM üñ§‚úäüèøüíØ..... West Afrikan üá¨üá≠,0.6369
1360147507385409539,https://twitter.com/blacknoteshub/status/1360147507385409539,blacknoteshub,@SaRa_panafrikan @CKHyppolite @sabrin0x @swilllax24 @Fuad_Murcood @Miskita_G @labellerose30 @AsmeretWM üñ§üíØ,0.6369
1360025318300467204,https://twitter.com/AsmeretWM/status/1360025318300467204,AsmeretWM,"@CKHyppolite @Miskita_G @labellerose30 @sabrin0x Leaving the AU would be like leaving a prison and trust me, 99% of Eritreans, Ethiopians and Somalis would gladly leave the AU today if it wasn't for the unelected dictators who forced the people to join the organization without asking them.",0.4404
1360138757895241728,https://twitter.com/KorpisahA/status/1360138757895241728,KorpisahA,"@AsmeretWM @labellerose30 @sabrin0x @CKHyppolite @swilllax24 @Fuad_Murcood @Miskita_G It's definitely one of the richest regions in the world. All of africa is. However comparing HOA to other regions in africa in terms of resources...no. West, central and south africa carries the continent in terms of natural resources. So...",0.8225
1360140813427240961,https://twitter.com/labellerose30/status/1360140813427240961,labellerose30,"@KorpisahA @AsmeretWM @sabrin0x @CKHyppolite @swilllax24 @Fuad_Murcood @Miskita_G Girl tell her, she wouldn‚Äôt  be able to use any technological devices without coltan which is only found in the Congo. largest producer of rice and oil in the continent is Nigeria . I can‚Äôt believe you‚Äôre even comparing your country to our beloved Nigeria üòÇüòÇ! I‚Äôm not even Naija",0.8553
1360027271483056136,https://twitter.com/AsmeretWM/status/1360027271483056136,AsmeretWM,"@labellerose30 @KorpisahA @sabrin0x @CKHyppolite @swilllax24 @Fuad_Murcood @Miskita_G Eritrea is actually ranked second after Egypt in Africa for its rich archaeological and historical places with 80,000 sites, according to UN. What's is there to see in Nigeria, except slave heritage tourism and Boko Haram terrorism?",-0.25
1360139555605782528,https://twitter.com/labellerose30/status/1360139555605782528,labellerose30,@AsmeretWM @KorpisahA @sabrin0x @CKHyppolite @swilllax24 @Fuad_Murcood @Miskita_G You have probably never heard of the Yoruba and Benin kindgoms? nok civilization and Iron Age of Nigeria dating 2000 BC? I have never seen an artifact from your country in any museums abroadüòÇ. Nigeria gets more tourists than your country. After all is the giant of Africa‚ò∫Ô∏è,0.7399
1360029223277199360,https://twitter.com/AsmeretWM/status/1360029223277199360,AsmeretWM,"@labellerose30 @KorpisahA @sabrin0x @CKHyppolite @swilllax24 @Fuad_Murcood @Miskita_G The HOA is actually one of the richest regions in the world, according to the UN which says it's rich in petroleum, gold, salt, hydropower, natural gas, potash, fish.... What natural resources are there in Nigeria, except petroleum and  coconut oil?",0.9001
1360137996662636550,https://twitter.com/KorpisahA/status/1360137996662636550,KorpisahA,@AsmeretWM @labellerose30 @sabrin0x @CKHyppolite @swilllax24 @Fuad_Murcood @Miskita_G Archaeology isn't mineral resources. But ok..,0.0
1360137590540824577,https://twitter.com/KorpisahA/status/1360137590540824577,KorpisahA,@AsmeretWM @labellerose30 @sabrin0x @CKHyppolite @swilllax24 @Fuad_Murcood @Miskita_G ??,0.0
1360133283653296130,https://twitter.com/Richie76035891/status/1360133283653296130,Richie76035891,@teekogooner @Miskita_G @CKHyppolite @AsmeretWM @labellerose30 @sabrin0x When it comes to these Somali just don't involve them in any discussion on Africa. They don't want anything to do with Africans or black people.,-0.0572
1360048216692121603,https://twitter.com/CKHyppolite/status/1360048216692121603,CKHyppolite,@AsmeretWM @Miskita_G @labellerose30 @sabrin0x Which is why I don't let the minority comments upset me. I generally feel very welcomed and most of the people who defended me today in this conversation were continental Africans. But all this is besides the point since you already said you don't want to be part of the union.,-0.0738
1360132472676249601,https://twitter.com/Richie76035891/status/1360132472676249601,Richie76035891,@CKHyppolite @AsmeretWM @Miskita_G @labellerose30 @sabrin0x All African whether outside of the mother land are welcomed back home. Just ignore those with the small mindset we ready to embrace our people.,0.5719
1360130275892748292,https://twitter.com/AlHakiu/status/1360130275892748292,AlHakiu,@Miskita_G @Fuad_Murcood @CKHyppolite @xspotsdamark @sabrin0x @swilllax24 @labellerose30 @AsmeretWM Pardon me.\n\nI am Nigerian and all I remember when I hear Somalia is that Siad Barre used to be our neighbor here in Lagos till 95.\n\nAnd all that shit that went down thereafter. \n\nYou understand?,-0.3182
1359960445067657225,https://twitter.com/Pundit_Murcood/status/1359960445067657225,Pundit_Murcood,"@AlHakiu @CKHyppolite @xspotsdamark @sabrin0x @swilllax24 @Miskita_G @labellerose30 @AsmeretWM Why not ? Somalia has the longest coastline in mainland Africa,  it sits on tons minerals of all sorts , it's estimated to have over 130 billion barrels of oil , it has vast agricultural land , plus its government doesn't tolerate corruption,  what other ingredients needed here ?",0.0
1360128252052983808,https://twitter.com/AlHakiu/status/1360128252052983808,AlHakiu,@Fuad_Murcood @CKHyppolite @xspotsdamark @sabrin0x @swilllax24 @Miskita_G @labellerose30 @AsmeretWM You don't mean that? üòé,-0.357
1360127962662731776,https://twitter.com/AlHakiu/status/1360127962662731776,AlHakiu,@Miskita_G @Fuad_Murcood @CKHyppolite @xspotsdamark @sabrin0x @swilllax24 @labellerose30 @AsmeretWM Wait. \n\nSomalia? Success? \n\nAre we not mixing things up?,0.6416
1360115864561979392,https://twitter.com/FlyMax1/status/1360115864561979392,FlyMax1,@sabrin0x @CKHyppolite @swilllax24 @Fuad_Murcood @Miskita_G @labellerose30 @AsmeretWM The colonial mindset still lives \nThe Berlin conference was about the carve up of Afrika ..,0.0
1359976344860393479,https://twitter.com/Calljoboepodeck/status/1359976344860393479,Calljoboepodeck,"@sabrin0x @CKHyppolite @swilllax24 @Fuad_Murcood @Miskita_G @labellerose30 @AsmeretWM My God, if your grandfather's hadn't sold their brothers and sisters into slavery, there will be no Haiti today.\nWe would have all been here, every chocolate looking person. But it's because of this inhumanity to ourselves that's why the Europeans conquered Africa so easily.",0.3014
1360106693338804225,https://twitter.com/BafakanIbel/status/1360106693338804225,BafakanIbel,@Calljoboepodeck @sabrin0x @CKHyppolite @swilllax24 @Fuad_Murcood @Miskita_G @labellerose30 @AsmeretWM Our ancestors are weeping https://t.co/77Zuo8ZYU4,-0.4404
1359968847932121088,https://twitter.com/CKHyppolite/status/1359968847932121088,CKHyppolite,@blacknoteshub @sabrin0x @swilllax24 @Fuad_Murcood @Miskita_G @labellerose30 @AsmeretWM This thread is crazy. All cause I said I would take an African Union passport. How you do you not want a passport and you also don't want people who want it to have it. Just wicked!üòÇ,-0.5165
1360074301156786179,https://twitter.com/cryptogyal_/status/1360074301156786179,cryptogyal_,@aliyaaanay @labellerose30 @KorpisahA @sabrin0x @CKHyppolite @swilllax24 @Fuad_Murcood @Miskita_G @AsmeretWM How dumb they are üò≠,-0.7506
1359934419293863936,https://twitter.com/xspotsdamark/status/1359934419293863936,xspotsdamark,"@sabrin0x @CKHyppolite @swilllax24 @Fuad_Murcood @Miskita_G @labellerose30 @AsmeretWM No one is claiming y'all. Your countries are backward desolate wastelands with nothing of value. Even your own people don't want to live there. The horn of Africa leads the world in migrants. If not for the kindness of our people, y'all would've already starved  to death.",-0.9251
1360059289113624577,https://twitter.com/DonPrist/status/1360059289113624577,DonPrist,"@xspotsdamark @sabrin0x @CKHyppolite @swilllax24 @Fuad_Murcood @Miskita_G @labellerose30 @AsmeretWM During the early 90s many horners migrated to west African countries (Cameroon, Nigeria) etc in search of food and shelter.",0.0
1360053134589112320,https://twitter.com/AsmeretWM/status/1360053134589112320,AsmeretWM,"@CKHyppolite @Miskita_G @labellerose30 @sabrin0x ""I have actual friends who live in Africa."" \n\nAgain u talk as Africa is a country and that's the main problem: U refuse to understand that Africa is the world's most diverse continent which was connected to ME\Asia before the building of the artificial Suez canal. Goodnight dear!",0.2714
1360053905313460224,https://twitter.com/CKHyppolite/status/1360053905313460224,CKHyppolite,"@AsmeretWM @Miskita_G @labellerose30 @sabrin0x If you look at your OWN posts, you said, ""Africans"" and ""Africa"" in the same general terms, with the same broad brush. Total hypocrisy!",0.0
1360051633124687872,https://twitter.com/CKHyppolite/status/1360051633124687872,CKHyppolite,"@AsmeretWM @Miskita_G @labellerose30 @sabrin0x I have actual friends who live in Africa. People I phone to regularly. Anyway, I am not sure why it matters to you. I am not interested in living in your country and you are not interested in being part of the union. There is no risk of you crossing my slave path.",-0.119
1360050477916913668,https://twitter.com/AsmeretWM/status/1360050477916913668,AsmeretWM,"@CKHyppolite @Miskita_G @labellerose30 @sabrin0x Trust me, dear, most of those who are defending u aren't continental Africans &amp; if they are, they live inüá∫üá∏ . Literally no 1 identify as ""black"" in Africa. They identify by their ethnicity. Most Africans don't want to have anything to do with pan-Africanism or an united Africa.",0.7197
1360050695098032128,https://twitter.com/AsmeretWM/status/1360050695098032128,AsmeretWM,"@CKHyppolite @Miskita_G @labellerose30 @sabrin0x That's why there are so many interethnic conflicts all over the place in Africa, including Ethiopia, &amp; South Africa where they want to throw out Nigerians &amp; all other foreigners. Africans just want to live in peace and harmony within their own borders with their own ppl.",0.6041
1360048453414494219,https://twitter.com/AsmeretWM/status/1360048453414494219,AsmeretWM,"@CKHyppolite @Miskita_G @labellerose30 @sabrin0x True, but the Jamaicans were treated and are still treated like third class citizens by the Ethiopians who have always called them ""Baria"" (black slave). The question is why would Jamaicans, who have such a beautiful country, want to come and live in üá™üáπ? That's pretty weird to me",0.9349
1360050419330920448,https://twitter.com/CKHyppolite/status/1360050419330920448,CKHyppolite,@AsmeretWM @Miskita_G @labellerose30 @sabrin0x I can't speak for them. I have no interests in settling in that part of the world.,-0.1877
1360046765408452612,https://twitter.com/CKHyppolite/status/1360046765408452612,CKHyppolite,@AsmeretWM @Miskita_G @labellerose30 @sabrin0x He gave land to Jamaicans in Ethiopia.,0.0
1360047679527669763,https://twitter.com/CKHyppolite/status/1360047679527669763,CKHyppolite,"@AsmeretWM @Miskita_G @labellerose30 @sabrin0x This simply isn't true. Furthermore, today a good deal of the activists, social media influencers, politicians, business leaders who are actually doing things to move it along are Africans. If you don't know who they are &amp; you think they are Americans, you are just not aware.",0.1451
1360045377618145282,https://twitter.com/AsmeretWM/status/1360045377618145282,AsmeretWM,"@CKHyppolite @Miskita_G @labellerose30 @sabrin0x Pan-Africanism was created to facilitate cooperation b\n Africans &amp; blacks outside. The AU has nothing to do with blacks in US, and elsewhere. 1 of the main AU founders, HaileSelaise, didn't even see himself as black. He actually despised blacks from US, Caribbean &amp; elsewhere",-0.1779
1360041598063685639,https://twitter.com/CKHyppolite/status/1360041598063685639,CKHyppolite,@AsmeretWM @Miskita_G @labellerose30 @sabrin0x The AU is a union of African countries. It's by definition pan-African. It's original champions at the time of decolonization were pan-Africanists who recognized Africans outside of the continent. No one disrespected you by supporting your stated desire to not be part of a union.,0.8905
1360039326684446728,https://twitter.com/AsmeretWM/status/1360039326684446728,AsmeretWM,"@CKHyppolite @Miskita_G @labellerose30 @sabrin0x I'm not quite sure what u mean but there's no 'anti-West African energy'. The problem is that pan-Africans (mostly like u, i.e, non-Africans) act as if Africa is a country when in fact it's the world's most diverse continent. Respect Horn\North Africans if u want to be respected!",0.8555
1360037188763869184,https://twitter.com/CKHyppolite/status/1360037188763869184,CKHyppolite,"@AsmeretWM @Miskita_G @labellerose30 @sabrin0x Well, all this anti-West African energy inspired me to order some pounded yam and pepper fish soup.üòã Bon appetit to me! And if you are near the Stone Mountain, GA area, check out the Nigerian Grill. ‚ù§ https://t.co/aIOwfVJfHO",0.8977
1359890362005864457,https://twitter.com/CKHyppolite/status/1359890362005864457,CKHyppolite,@Fuad_Murcood @Miskita_G @labellerose30 @AsmeretWM @sabrin0x We're African people.,0.0
1360033355325128705,https://twitter.com/TsikaTinadzo/status/1360033355325128705,TsikaTinadzo,@CKHyppolite @Fuad_Murcood @Miskita_G @labellerose30 @AsmeretWM @sabrin0x Don't let anyone tell you otherwise.,0.0
1359647869343576065,https://twitter.com/AsmeretWM/status/1359647869343576065,AsmeretWM,"@sabrin0x 99% of Africans living in Africa want to live in their own sovereign nations and they don't want to have anything to do with a united Africa. It's just some African immigrants and black pan-Africans living in north America that want to see a borderless, Godless communist Africa.",0.4902
1360032420406448130,https://twitter.com/TsikaTinadzo/status/1360032420406448130,TsikaTinadzo,@AsmeretWM @sabrin0x You did research or is this your opinion?...,0.0
1359983190492995584,https://twitter.com/labellerose30/status/1359983190492995584,labellerose30,@KorpisahA @sabrin0x @CKHyppolite @swilllax24 @Fuad_Murcood @Miskita_G @AsmeretWM Sis we west Africans don‚Äôt even wanna be associated with them. We have more resources than The Horn and North Africa combined. We basically have no diplomatic or economic ties with them.,-0.296
1359883510249586689,https://twitter.com/CKHyppolite/status/1359883510249586689,CKHyppolite,"@Miskita_G @labellerose30 @AsmeretWM @sabrin0x If your people don't want this passport, maybe you should leave the African Union. Haiti would love to take your place.",0.5828
1360009919638994953,https://twitter.com/Hiroki02876737/status/1360009919638994953,Hiroki02876737,@Miskita_G @swilllax24 @CKHyppolite @Fuad_Murcood @labellerose30 @AsmeretWM @sabrin0x Guess your type need to be dealt with. I will visit my ancestors homeland because it's my BIRTHRIGHT. I know that not all on the continent think like your filthy self.,0.3612
1359992595523526659,https://twitter.com/300locsNrunnin/status/1359992595523526659,300locsNrunnin,@Miskita_G @labellerose30 @sabrin0x @CKHyppolite @swilllax24 @Fuad_Murcood @AsmeretWM So I take it you have a problem with immigration.  But what if they come in good faith and provide or create more opportunities for you. The Chinese don't need to be the ones to do it . Africa has enough talent to thrive on its own but I would also like to assist in its growth. https://t.co/8j24oAbM3k,0.9737
1359988692660740098,https://twitter.com/labellerose30/status/1359988692660740098,labellerose30,"@KorpisahA @Miskita_G @sabrin0x @CKHyppolite @swilllax24 @Fuad_Murcood @AsmeretWM Right, Anthropologists havent made a classification for West Africa because we are so diverse culturally and ethnically. They actually use Bantu as a slur lol. West Africans are not Bantu people !",0.4753
1359991317208645635,https://twitter.com/KorpisahA/status/1359991317208645635,KorpisahA,@labellerose30 @Miskita_G @sabrin0x @CKHyppolite @swilllax24 @Fuad_Murcood @AsmeretWM I mean even the first human was west african before moving to east africa. The west is diverse.,0.0
1359990605171089412,https://twitter.com/KorpisahA/status/1359990605171089412,KorpisahA,@labellerose30 @Miskita_G @sabrin0x @CKHyppolite @swilllax24 @Fuad_Murcood @AsmeretWM I mean...\nWest africans identify as everything and anything. We won't go about saying we are not bantu people like being bantu is derogatory or something. \nBut we aren't.,-0.2755
1359990229160103940,https://twitter.com/300locsNrunnin/status/1359990229160103940,300locsNrunnin,@Miskita_G @labellerose30 @sabrin0x @CKHyppolite @swilllax24 @Fuad_Murcood @AsmeretWM Now the shaming ? How low will she go? Give up. I don't need to insult you to prove a point. I rather have had ancestral slavery and thrive than been apart of the slave trade and nation not thriving now. So that means you were up and now your down. Be humble mama,-0.6765
1359990044610674689,https://twitter.com/KorpisahA/status/1359990044610674689,KorpisahA,@labellerose30 @sabrin0x @CKHyppolite @swilllax24 @Fuad_Murcood @Miskita_G @AsmeretWM Theyre really funny people. They talk like west africans were weak hence why they were colonised. West africans fought too. It's probably because europeans didn't see colonising them as necessary because of their negligent resources in comparison. Yet always talking about it...,0.1263
1359985421531439111,https://twitter.com/KorpisahA/status/1359985421531439111,KorpisahA,@Miskita_G @labellerose30 @sabrin0x @CKHyppolite @swilllax24 @Fuad_Murcood @AsmeretWM Sis isn't lying. No region in africa has been opressed and enslaved like north africa and east africa. The arabic slave trade was a thing. No one is a slave today so stop using it as a form of insult to others smh.,-0.7353
1359989066822004736,https://twitter.com/CKHyppolite/status/1359989066822004736,CKHyppolite,@KorpisahA @Miskita_G @labellerose30 @sabrin0x @swilllax24 @Fuad_Murcood @AsmeretWM The only people who should be ashamed about slavery are slave sellers and slave buyers. Anyone using it as as insult is only demonstrating their intellectual and moral bankruptcy.,-0.836
1359988729008521218,https://twitter.com/KorpisahA/status/1359988729008521218,KorpisahA,@labellerose30 @sabrin0x @CKHyppolite @swilllax24 @Fuad_Murcood @Miskita_G @AsmeretWM ‚ò∫Ô∏è‚ò∫Ô∏è,0.7184
1359987779346845701,https://twitter.com/KorpisahA/status/1359987779346845701,KorpisahA,"@labellerose30 @Miskita_G @sabrin0x @CKHyppolite @swilllax24 @Fuad_Murcood @AsmeretWM I don't know why people keep saying west africans are Bantus lol. Bantu is literally a language classification. Specifically people who speak kiswahili. As such applies to people from central africa, to east africa, downwards to south africa.",0.4215
1359970141375787008,https://twitter.com/labellerose30/status/1359970141375787008,labellerose30,"@Miskita_G @sabrin0x @CKHyppolite @swilllax24 @Fuad_Murcood @AsmeretWM I‚Äôm west African, we are not Bantu you ignorant. British and Italians colonized y‚Äôall too. You‚Äôre talking about race like Somali are white people lmao. Y‚Äôall black. Your people are getting enslaved in the Middle East. Most of y‚Äôall are prostitutes. refugees y‚Äôall everywhere",0.672
1359987190642671622,https://twitter.com/300locsNrunnin/status/1359987190642671622,300locsNrunnin,@Miskita_G @labellerose30 @sabrin0x @CKHyppolite @swilllax24 @Fuad_Murcood @AsmeretWM Aww you can't back your talking points so you resort to insults. Guess I'm done here. Good dialog tho https://t.co/db3G3nXWIr,0.0258
1359986995506917379,https://twitter.com/KorpisahA/status/1359986995506917379,KorpisahA,"@Miskita_G @labellerose30 @sabrin0x @CKHyppolite @swilllax24 @Fuad_Murcood @AsmeretWM Seeing two bantu couples is rare? I mean...you clearly don't know much about west africans.\nAnd when you say ""race"" please understand you fall under the same race.",0.6124
1359986289379016708,https://twitter.com/KorpisahA/status/1359986289379016708,KorpisahA,@Miskita_G @labellerose30 @sabrin0x @CKHyppolite @swilllax24 @Fuad_Murcood @AsmeretWM Lol. No,0.1531
1359986037594980357,https://twitter.com/KorpisahA/status/1359986037594980357,KorpisahA,@Miskita_G @labellerose30 @sabrin0x @CKHyppolite @swilllax24 @Fuad_Murcood @AsmeretWM Kenyans don't go around saying they aren't black. As though horners don't call other east africans jareer. Smh.,-0.3182
1359887026372431872,https://twitter.com/Pundit_Murcood/status/1359887026372431872,Pundit_Murcood,"@CKHyppolite @Miskita_G @labellerose30 @AsmeretWM @sabrin0x We don't want the passport and Haiti is not even in Africa but feel free to give it to them ,we are not hating .",0.8356
1359984412025376770,https://twitter.com/KorpisahA/status/1359984412025376770,KorpisahA,@Fuad_Murcood @CKHyppolite @Miskita_G @labellerose30 @AsmeretWM @sabrin0x You don't really have a choice. Unless of course you will rather be considered a region outside africa or the AU.,0.0
1359984138837753858,https://twitter.com/300locsNrunnin/status/1359984138837753858,300locsNrunnin,@Miskita_G @labellerose30 @sabrin0x @CKHyppolite @swilllax24 @Fuad_Murcood @AsmeretWM I dont think you do? 7/10 residents of your nation live in poverty as of 2019. You need somebody resources. That doesn't sound like a thriving nation . Sounds like a nation that white supremacist touched and made worse. Britain and Italy of course. Followed by poor government.,-0.8229
1359983905416347648,https://twitter.com/KorpisahA/status/1359983905416347648,KorpisahA,"@Miskita_G @labellerose30 @AsmeretWM @sabrin0x Dearie. For a people with most of your citizens spread across north america, europe and other african countries you don't really have a choice lol. If anything it's rather to your benefit.",0.8402
1359983322999496710,https://twitter.com/KorpisahA/status/1359983322999496710,KorpisahA,@Miskita_G @labellerose30 @AsmeretWM @sabrin0x Lol. Who says west africans are afraid of the west?.\nAll of africa is basically defenseless when it comes to the west. Horn of africans especially. You're literally the most defenseless. So this your statement...,-0.3167
1359982297697710081,https://twitter.com/KorpisahA/status/1359982297697710081,KorpisahA,@sabrin0x @CKHyppolite @swilllax24 @Fuad_Murcood @Miskita_G @labellerose30 @AsmeretWM Why can't they claim north and east Africa?Tell me.,0.0
1359982792478720004,https://twitter.com/KorpisahA/status/1359982792478720004,KorpisahA,@AsmeretWM @sabrin0x Well ...there's some truth to your words. But 99% is a reach in all honesty.,0.7684
1359980426568286209,https://twitter.com/300locsNrunnin/status/1359980426568286209,300locsNrunnin,@Miskita_G @labellerose30 @sabrin0x @CKHyppolite @swilllax24 @Fuad_Murcood @AsmeretWM Can you speak for everyone? Its not about that. Ghana welcomed Black Americans with open arms. Your nation doesn't have too. We have plenty to choose from. Also you don't own most of your own resources. Your colonizers still do. What are you afraid of?,0.4137
1359942909773176832,https://twitter.com/CKHyppolite/status/1359942909773176832,CKHyppolite,"@Fuad_Murcood @xspotsdamark @sabrin0x @swilllax24 @Miskita_G @labellerose30 @AsmeretWM I think we are all in agreement here. I believe this conversation began with me saying I will gladly take someone's passport who doesn't want it. Anything I can do to help anyone who wants out, I would be happy to. Can I write a letter? Start a petition? What do you need?",0.9065
1359980094266220544,https://twitter.com/labellerose30/status/1359980094266220544,labellerose30,@CKHyppolite @Fuad_Murcood @xspotsdamark @sabrin0x @swilllax24 @Miskita_G @AsmeretWM Girl ignore these cocoons. Any west African country will welcome. I will happily help you get one from my country.,0.7783
1359979191593283589,https://twitter.com/300locsNrunnin/status/1359979191593283589,300locsNrunnin,@Miskita_G @labellerose30 @sabrin0x @CKHyppolite @swilllax24 @Fuad_Murcood @AsmeretWM Your already doing that. Research how many Chinese have sent their rejects to the motherland and mistreated black people. You can say were disconnected and not African . Others will disagree. We are cousins that want to help in its development by using our American resources. https://t.co/4IejQJzGv8,-0.4215
1359978264249393153,https://twitter.com/300locsNrunnin/status/1359978264249393153,300locsNrunnin,@sabrin0x @swilllax24 @CKHyppolite @Fuad_Murcood @Miskita_G @labellerose30 @AsmeretWM Interesting take however you still have the same racial problems that we do. You go from one colonist to another. Now the Chinese want your resources.  This young lady is preaching unity and investing in the continent of Africa to protect the resources and you bash her. Pathetic,-0.2023
1359977592670019588,https://twitter.com/300locsNrunnin/status/1359977592670019588,300locsNrunnin,@Miskita_G @labellerose30 @sabrin0x @CKHyppolite @swilllax24 @Fuad_Murcood @AsmeretWM I do believe immigration should be controlled but I also wish to provide value to the motherland. Chinese are forcing there way in with bad intentions.  Black people worldwide especially FBA have enough spending power to improve Africa with its inhabitants 10 fold and fight W.S. https://t.co/hTgfozmQWW,0.3291
1359952805486866435,https://twitter.com/labellerose30/status/1359952805486866435,labellerose30,@MsEzinne @Miskita_G @sabrin0x @CKHyppolite @swilllax24 @Fuad_Murcood @AsmeretWM it‚Äôs funny how they act like Arabs didn‚Äôt enslave them for 1200 years üòÇ,0.4939
1359976800739328005,https://twitter.com/Calljoboepodeck/status/1359976800739328005,Calljoboepodeck,"@labellerose30 @MsEzinne @Miskita_G @sabrin0x @CKHyppolite @swilllax24 @Fuad_Murcood @AsmeretWM There is nothing to be ashamed about, even the news where at many times slaves in their history.\nThe real issue is the slave mindset in the hearts of most Africans residing in Africa.",0.7817
1359975149936771073,https://twitter.com/Calljoboepodeck/status/1359975149936771073,Calljoboepodeck,"@AsmeretWM @sabrin0x One passport doesn't mean your culture or constitution will be erased, it's just to ease movement and trade.",0.3612
1359970952843517953,https://twitter.com/CKHyppolite/status/1359970952843517953,CKHyppolite,"@300locsNrunnin @Miskita_G @labellerose30 @sabrin0x @swilllax24 @Fuad_Murcood @AsmeretWM Some horners were pissed about AU passport. I said anyone who didn't want one should pass, I, a Haitian, wanted one. They called me an ex-slave. One was saying there was a risk that their countries would be dragged down. Others argued &amp; I showed w/ data that this was rubbish.",-0.849
1359973519057182722,https://twitter.com/300locsNrunnin/status/1359973519057182722,300locsNrunnin,@CKHyppolite @Miskita_G @labellerose30 @sabrin0x @swilllax24 @Fuad_Murcood @AsmeretWM Ok almost every single group of people has had slavery in there ancestral history. Africa included . Arab Slave trade was larger than the one in America.  Haitians are the first to successfully revolt against slavery and stop their oppressors. That translated into Panafricanism https://t.co/INgiwUPLz0,-0.8126
1359970788909195274,https://twitter.com/300locsNrunnin/status/1359970788909195274,300locsNrunnin,@Miskita_G @labellerose30 @sabrin0x @CKHyppolite @swilllax24 @Fuad_Murcood @AsmeretWM Is there a hidden beef idk about? I personally believe that the tribalism among the diaspora is slowing our growth. The disagreements will always be there but the question is what can you all agree on to better our people. https://t.co/ti7TnMNCNs,0.7783
1359971983606378497,https://twitter.com/CKHyppolite/status/1359971983606378497,CKHyppolite,"@300locsNrunnin @Miskita_G @labellerose30 @sabrin0x @swilllax24 @Fuad_Murcood @AsmeretWM Apparently, there is. SMH!",-0.5147
1359969062529470464,https://twitter.com/CKHyppolite/status/1359969062529470464,CKHyppolite,@300locsNrunnin @Miskita_G @labellerose30 @sabrin0x @swilllax24 @Fuad_Murcood @AsmeretWM üòÇ,0.4404
1359969383364321281,https://twitter.com/blacknoteshub/status/1359969383364321281,blacknoteshub,@CKHyppolite @sabrin0x @swilllax24 @Fuad_Murcood @Miskita_G @labellerose30 @AsmeretWM Ignorance &amp; bigotry if u ask me... Smh,-0.5859
1359968952269553673,https://twitter.com/300locsNrunnin/status/1359968952269553673,300locsNrunnin,@Miskita_G @labellerose30 @sabrin0x @CKHyppolite @swilllax24 @Fuad_Murcood @AsmeretWM As an Foundational Black American I just want to know. What the hell is going on here. This beef on the Horn of Africa is making me nervous. Can I offer some assistance to my motherland sistas ? https://t.co/1GmHtSYFGk,-0.7506
1359966201372422145,https://twitter.com/blacknoteshub/status/1359966201372422145,blacknoteshub,@sabrin0x @CKHyppolite @swilllax24 @Fuad_Murcood @Miskita_G @labellerose30 @AsmeretWM What A divisive Thread the Arabic Islamic Menace to Afrika Clearly Visible,-0.128
1359967497580077062,https://twitter.com/Goddess_Chakra/status/1359967497580077062,Goddess_Chakra,"@sabrin0x @CKHyppolite @swilllax24 @Fuad_Murcood @Miskita_G @labellerose30 @AsmeretWM You're not AFRICAN, just another ex-slave, bestiality loving filth that's an illegal squatter.",0.0772
1359967074672664579,https://twitter.com/labellerose30/status/1359967074672664579,labellerose30,@Miskita_G @sabrin0x @CKHyppolite @swilllax24 @Fuad_Murcood @AsmeretWM We all Know African are very tribal. majority of us marry someone within four tribes. So ain‚Äôt nobody checking for clitless girls.,0.0
1359936737468948481,https://twitter.com/Pundit_Murcood/status/1359936737468948481,Pundit_Murcood,@xspotsdamark @CKHyppolite @sabrin0x @swilllax24 @Miskita_G @labellerose30 @AsmeretWM No body cares what you think .,-0.569
1359966473289097220,https://twitter.com/Goddess_Chakra/status/1359966473289097220,Goddess_Chakra,@Fuad_Murcood @xspotsdamark @CKHyppolite @sabrin0x @swilllax24 @Miskita_G @labellerose30 @AsmeretWM Your daddy didn't care about himself because he didn't pull out of your mom's vaginal mange.,-0.3875
1359966166836510722,https://twitter.com/Pundit_Murcood/status/1359966166836510722,Pundit_Murcood,@kao_nago @CKHyppolite @Miskita_G @MsEzinne @sabrin0x @swilllax24 @labellerose30 @AsmeretWM Can you please take me out of this conversation,0.3182
1359965826791661573,https://twitter.com/labellerose30/status/1359965826791661573,labellerose30,@Miskita_G @sabrin0x @CKHyppolite @swilllax24 @Fuad_Murcood @AsmeretWM Lmao they are saving y‚Äôall from incest ü§£ü§£üòÇ https://t.co/PzLYtl3IM8,0.9217
1359964119626096641,https://twitter.com/labellerose30/status/1359964119626096641,labellerose30,"@Miskita_G @sabrin0x @CKHyppolite @swilllax24 @Fuad_Murcood @AsmeretWM Nah, sweetie they don‚Äôt. they just wanna fuck! After all they are men. We all know how the male species actüòÇüòÇ.  poor imagine not being able to have an orgasm lmao .y‚Äôall missing out on life",0.6114
1359963097746800641,https://twitter.com/CKHyppolite/status/1359963097746800641,CKHyppolite,@kao_nago @Miskita_G @MsEzinne @sabrin0x @swilllax24 @Fuad_Murcood @labellerose30 @AsmeretWM That 300 million seems a bit high but there are a lot of assholes out there.,-0.7351
1359962644711669765,https://twitter.com/labellerose30/status/1359962644711669765,labellerose30,"@Miskita_G @sabrin0x @CKHyppolite @swilllax24 @Fuad_Murcood @AsmeretWM We are talking about the Horn of Africa here. You clitless, sewn vagina abeed. You can‚Äôt even enjoy sex lmao. barbaric people who cut girls clitoris and sew their vaginas . Y‚Äôall animals",0.7184
1359962202078330881,https://twitter.com/HarlowCozart/status/1359962202078330881,HarlowCozart,@Miskita_G @sabrin0x @CKHyppolite @swilllax24 @Fuad_Murcood @labellerose30 @AsmeretWM Your a piece of shit,-0.5574
1359961460181397506,https://twitter.com/Pundit_Murcood/status/1359961460181397506,Pundit_Murcood,@Miskita_G @labellerose30 @sabrin0x @CKHyppolite @swilllax24 @AsmeretWM Stop talking to this asshole and block all the mother fu√ó√órs seriously.,-0.7003
1359961064012709898,https://twitter.com/labellerose30/status/1359961064012709898,labellerose30,@Miskita_G @sabrin0x @CKHyppolite @swilllax24 @Fuad_Murcood @AsmeretWM Your people have been refugees for 20+ years. there are countries in Africa that never partook in slavery SOUTHERN AFRICAN countries. You guys have nothing to offer abeed. y‚Äôall running from your countries like rats. Kenyans need to close their borders lmao!,0.8886
1359959089116295168,https://twitter.com/AlHakiu/status/1359959089116295168,AlHakiu,@Fuad_Murcood @CKHyppolite @xspotsdamark @sabrin0x @swilllax24 @Miskita_G @labellerose30 @AsmeretWM And you really believe that?,0.0
1359959694048174081,https://twitter.com/labellerose30/status/1359959694048174081,labellerose30,"@Miskita_G @sabrin0x @CKHyppolite @swilllax24 @Fuad_Murcood @AsmeretWM Where was Bilal, umm Ayman, suleyma etc..from again? Werent they slave that were taken from Ethiopia? Slavery started in Ethiopia in 945 BC and was abolished in 1960. East African women were used as sex workers in harem across the Middle East even in part of South Asia.",-0.7319
1359960419448807428,https://twitter.com/CKHyppolite/status/1359960419448807428,CKHyppolite,@labellerose30 @Miskita_G @sabrin0x @swilllax24 @Fuad_Murcood @AsmeretWM It's our fault. We don't do enough to educate people about the trans-Sahara slave trade. I am going to do better.,0.0516
1359943948488364033,https://twitter.com/Pundit_Murcood/status/1359943948488364033,Pundit_Murcood,@CKHyppolite @xspotsdamark @sabrin0x @swilllax24 @Miskita_G @labellerose30 @AsmeretWM Zero corruption and in few years Somalia economy will be one of the giants in Africa.,0.0
1359958389162393601,https://twitter.com/AlHakiu/status/1359958389162393601,AlHakiu,@Miskita_G @labellerose30 @sabrin0x @CKHyppolite @swilllax24 @Fuad_Murcood @AsmeretWM ü§£ü§£ü§£ü§£ü§£\n\nYou guys are just dumb. \n\nArguing which of you was enslaved the longest?,0.7783
1359957509394563081,https://twitter.com/7Rayoking/status/1359957509394563081,7Rayoking,@Miskita_G @sabrin0x @CKHyppolite @swilllax24 @Fuad_Murcood @labellerose30 @AsmeretWM https://t.co/q69kgtcH5I,0.0
1359953649586360323,https://twitter.com/7Rayoking/status/1359953649586360323,7Rayoking,@Miskita_G @sabrin0x @CKHyppolite @swilllax24 @Fuad_Murcood @labellerose30 @AsmeretWM Clinging with your fingernails to an identity created by white colonialist???? https://t.co/M9FrZgxGjS,0.4515
1359928970960130050,https://twitter.com/MsEzinne/status/1359928970960130050,MsEzinne,@Miskita_G @sabrin0x @CKHyppolite @swilllax24 @Fuad_Murcood @labellerose30 @AsmeretWM Disgusting comment.,-0.5267
1359952713040207872,https://twitter.com/xspotsdamark/status/1359952713040207872,xspotsdamark,"@ogsomaliskeptic @fakedeathincuba @sabrin0x @CKHyppolite @swilllax24 @Fuad_Murcood @Miskita_G @labellerose30 @AsmeretWM At least my ancestors were forced, today y'all voluntary pack yourselves like sardines in a wooden box just to get out of the country you were free in.",0.4215
1359952142090571781,https://twitter.com/CKHyppolite/status/1359952142090571781,CKHyppolite,@mulavitu @Miskita_G @labellerose30 @AsmeretWM @sabrin0x Yes.,0.4019
1359952647592280067,https://twitter.com/labellerose30/status/1359952647592280067,labellerose30,@Miskita_G @sabrin0x @CKHyppolite @swilllax24 @Fuad_Murcood @AsmeretWM Sweetie you East Africans were slaves yourselves. Heard of the East African slave trade? It lasted 1200 years. So hush abeed!,0.5411
1359951460893622273,https://twitter.com/mulavitu/status/1359951460893622273,mulavitu,@CKHyppolite @Miskita_G @labellerose30 @AsmeretWM @sabrin0x are you from Haiti,0.0
1359950295304912900,https://twitter.com/CKHyppolite/status/1359950295304912900,CKHyppolite,"@mulavitu @Miskita_G @labellerose30 @AsmeretWM @sabrin0x No, it was denied.  TWICE. I am very bitter.üò¢",-0.8545
1359950586033102858,https://twitter.com/7Rayoking/status/1359950586033102858,7Rayoking,@sabrin0x @CKHyppolite @swilllax24 @Fuad_Murcood @Miskita_G @labellerose30 @AsmeretWM Spoken like a true mouthpiece of colonialism https://t.co/5TXeqNpGJy,0.6486
1359949877493514240,https://twitter.com/mulavitu/status/1359949877493514240,mulavitu,@CKHyppolite @Miskita_G @labellerose30 @AsmeretWM @sabrin0x the last time i checked Haiti wanted to be part of African Union. not sure if they are now. but for onething is they are our brother and sisters. same as the black  American,-0.1232
1359950074382589956,https://twitter.com/CKHyppolite/status/1359950074382589956,CKHyppolite,"@ibrahael7abashy @sabrin0x @swilllax24 @Fuad_Murcood @Miskita_G @labellerose30 @AsmeretWM I also personally have a lot of knowledge but that's besides the point because even descendants of enslaved Africans who know nothing about the continent still count. I told someone income test but there is also no knowledge, which many on the continent would fail if there was.",-0.9022
1359949516342968328,https://twitter.com/CKHyppolite/status/1359949516342968328,CKHyppolite,"@ibrahael7abashy @sabrin0x @swilllax24 @Fuad_Murcood @Miskita_G @labellerose30 @AsmeretWM I once saw  a comment where someone accused a Jamaican woman with bantu knots of wearing ""African hair."" Like people forgot how to comb their hair? Do you think we get on a boat and forgot everything?",0.168
1359949378941812739,https://twitter.com/xspotsdamark/status/1359949378941812739,xspotsdamark,"@ogsomaliskeptic @fakedeathincuba @sabrin0x @CKHyppolite @swilllax24 @Fuad_Murcood @Miskita_G @labellerose30 @AsmeretWM At least is our ghetto, half your population doesn't even live in your own country.",0.0
1359947250466754561,https://twitter.com/xspotsdamark/status/1359947250466754561,xspotsdamark,"@Miskita_G @fakedeathincuba @sabrin0x @CKHyppolite @swilllax24 @Fuad_Murcood @labellerose30 @AsmeretWM Like I said, they aren't thinking about you guys, they're celebrating integrating with other West &amp; Central African nations. Show me one tweet that says ""Finally, I can go live in Somalia"".",0.7351
1359946082013347844,https://twitter.com/xspotsdamark/status/1359946082013347844,xspotsdamark,"@Miskita_G @fakedeathincuba @sabrin0x @CKHyppolite @swilllax24 @Fuad_Murcood @labellerose30 @AsmeretWM I'm not advertising anything to you. Matter of fact, I'm also opposed to West &amp; Central Africa integrating with North Africa &amp; the Horn. Nothing to be gained from it. I'm just letting you know that we don't need y'all to thrive.",-0.2695
1359946805526614017,https://twitter.com/fakedeathincuba/status/1359946805526614017,fakedeathincuba,@xspotsdamark @Miskita_G @sabrin0x @CKHyppolite @swilllax24 @Fuad_Murcood @labellerose30 @AsmeretWM but anyway my bad for starting this pissing match lol if yalll gonna argue continuing untag me pls,-0.8354
1359946476273741826,https://twitter.com/fakedeathincuba/status/1359946476273741826,fakedeathincuba,@xspotsdamark @Miskita_G @sabrin0x @CKHyppolite @swilllax24 @Fuad_Murcood @labellerose30 @AsmeretWM except we literally do when the most bloodthirsty empire on the face of the planet has colonized most the globe? we‚Äôve already discussed how underdeveloped these sentiments are in the 60s. europeans will invade again if the east north south and west do not unify.,0.0
1359946399899676675,https://twitter.com/xspotsdamark/status/1359946399899676675,xspotsdamark,@Miskita_G @fakedeathincuba @sabrin0x @CKHyppolite @swilllax24 @Fuad_Murcood @labellerose30 @AsmeretWM Isn't that what I'm advocating for today? Everyone sticking to their own place &amp; staying there.,0.0
1359944555961982979,https://twitter.com/xspotsdamark/status/1359944555961982979,xspotsdamark,"@Miskita_G @fakedeathincuba @sabrin0x @CKHyppolite @swilllax24 @Fuad_Murcood @labellerose30 @AsmeretWM Again, go tell that to the close to one million Somali living as refugees in other African countries.",0.0
1359944446717034496,https://twitter.com/FreoSells/status/1359944446717034496,FreoSells,@sabrin0x @CKHyppolite @swilllax24 @Fuad_Murcood @Miskita_G @labellerose30 @AsmeretWM They are Africans and you and your little horns are idiots. \nYou should exit our continent immediately.,0.0
1359943793953366027,https://twitter.com/xspotsdamark/status/1359943793953366027,xspotsdamark,"@fakedeathincuba @sabrin0x @CKHyppolite @swilllax24 @Fuad_Murcood @Miskita_G @labellerose30 @AsmeretWM I am done extending my hand to people who constantly dehumanizie my people &amp; ancestors. And it's not just on social media. I've been to North Africa, I've witnessed first hand how they treat people who look like me there.",0.891
1359944197617442818,https://twitter.com/xspotsdamark/status/1359944197617442818,xspotsdamark,"@fakedeathincuba @sabrin0x @CKHyppolite @swilllax24 @Fuad_Murcood @Miskita_G @labellerose30 @AsmeretWM I was constantly harangued in Egypt because they thought I was West African, they only extended common courtesy when I produced my American passport",0.3612
1359943200794947585,https://twitter.com/xspotsdamark/status/1359943200794947585,xspotsdamark,"@fakedeathincuba @sabrin0x @CKHyppolite @swilllax24 @Fuad_Murcood @Miskita_G @labellerose30 @AsmeretWM You're preaching to the choir here. Your tweets should be directed at them, not me. Our people have survived &amp; thrived under insurmountable odds for over a thousand years since Arabs &amp; Europeans accosted our lands. All we need is each other.",0.5106
1359941178314133510,https://twitter.com/CKHyppolite/status/1359941178314133510,CKHyppolite,"@xspotsdamark @Fuad_Murcood @sabrin0x @swilllax24 @Miskita_G @labellerose30 @AsmeretWM Somalia per capita income $225.00/Kenya: $1816\nSomalia life expectancy: 57; Kenya: 66\nSomalia literacy: 37.80%; Kenya: 81.54%\nSomalia corruption rank: 179: Kenya: 124\nWith these numbers, we can be certain that whatever the issue is, it's not the risk of Kenya dragging anyone down",0.443
1359943555691782168,https://twitter.com/rsthornton80/status/1359943555691782168,rsthornton80,@sabrin0x @swilllax24 @CKHyppolite @Fuad_Murcood @Miskita_G @labellerose30 @AsmeretWM Lmfao @ a black person letting ‚Äúnon-African blacks‚Äù slip off their Twitter thumbs...wow.,0.5423
1359942242358722563,https://twitter.com/fakedeathincuba/status/1359942242358722563,fakedeathincuba,"@xspotsdamark @sabrin0x @CKHyppolite @swilllax24 @Fuad_Murcood @Miskita_G @labellerose30 @AsmeretWM that‚Äôs nice. now what‚Äôs stopping the west from destroying all of this? the cia exists. if the continent does not undergo a process of complete unification, africa is doomed to be colonized forever. you‚Äôre not thinking practically, you‚Äôre responding with ego to a random buffoon.",-0.765
1359942391524974596,https://twitter.com/Pundit_Murcood/status/1359942391524974596,Pundit_Murcood,"@xspotsdamark @sabrin0x @CKHyppolite @swilllax24 @Miskita_G @labellerose30 @AsmeretWM We are happy for west and central African countries,  let them build a coalition if it proves success we will give it a thought otherwise we are not interested in another failure corrupt  organization or passport .",0.4295
1359941081928974337,https://twitter.com/xspotsdamark/status/1359941081928974337,xspotsdamark,"@fakedeathincuba @sabrin0x @CKHyppolite @swilllax24 @Fuad_Murcood @Miskita_G @labellerose30 @AsmeretWM These people have since discarded pricinple. We must respond in kind. West &amp; Central Africa stand to benefit absolutely nothing by united &amp; integrating with North &amp; East Africa. They already have all resources &amp; most potential for growth, as they have already shown.",0.6449
1359941869891956737,https://twitter.com/fakedeathincuba/status/1359941869891956737,fakedeathincuba,@xspotsdamark @sabrin0x @CKHyppolite @swilllax24 @Fuad_Murcood @Miskita_G @labellerose30 @AsmeretWM you‚Äôre responding to an individual on a white mans social media app. that in no way warrants this utterly ahistorical response to a buffoon. people follow you for reason and logic. you‚Äôre not advocating for anything besides ego if you don‚Äôt understand unity as necessity.,-0.296
1359938579263275009,https://twitter.com/xspotsdamark/status/1359938579263275009,xspotsdamark,"@Fuad_Murcood @sabrin0x @CKHyppolite @swilllax24 @Miskita_G @labellerose30 @AsmeretWM I don't think they had you guys in mind when they came up with the idea of a single passport. Sub Sahara Africa produces 30% of the world's global resources, with a potential for up to 50%. This is a way to integrate those economies. You guys will actually benefit the most.",0.4588
1359939808005660673,https://twitter.com/Pundit_Murcood/status/1359939808005660673,Pundit_Murcood,@xspotsdamark @sabrin0x @CKHyppolite @swilllax24 @Miskita_G @labellerose30 @AsmeretWM We are a sovereign nation and are not interested at the moment but thanks for the offer .,0.4975
1359938970478641153,https://twitter.com/MsEzinne/status/1359938970478641153,MsEzinne,"@Miskita_G @sabrin0x @CKHyppolite @swilllax24 @Fuad_Murcood @labellerose30 @AsmeretWM Lol you are appearing very silly now. Please learn where Nigeria is located and then come back. You‚Äôre turning in circles trying to explain why you called Haitians, and I suspect it was directed to other islanders, ‚Äúex slaves‚Äù as if you are somehow superior. Go rest.",0.7939
1359935846707847177,https://twitter.com/Pundit_Murcood/status/1359935846707847177,Pundit_Murcood,@xspotsdamark @sabrin0x @CKHyppolite @swilllax24 @Miskita_G @labellerose30 @AsmeretWM If we're wasteland as you claim then why do you want to share passport with us and if we say no then why do you get mad ?,-0.4404
1359936119647961092,https://twitter.com/xspotsdamark/status/1359936119647961092,xspotsdamark,@CKHyppolite @sabrin0x @swilllax24 @Fuad_Murcood @Miskita_G @labellerose30 @AsmeretWM You're too kind. I have  zero tolerance  &amp; patience for those who  disrespect our people &amp; their nations. We didn't suffer through 500 years of bandage to be insulted by numbskulls on Twitter,-0.2144
1359936518626885639,https://twitter.com/CKHyppolite/status/1359936518626885639,CKHyppolite,@Fuad_Murcood @xspotsdamark @sabrin0x @swilllax24 @Miskita_G @labellerose30 @AsmeretWM I think one of my earlier responses addresses this. Zimbabwe doesn't even have a currency and I still want to be united with them. I am not advocating for income verification. The only people I don't want are people who hate other Africans and don't want to be united.,0.1916
1359935224927449089,https://twitter.com/CKHyppolite/status/1359935224927449089,CKHyppolite,@xspotsdamark @sabrin0x @swilllax24 @Fuad_Murcood @Miskita_G @labellerose30 @AsmeretWM Please don't call anyone's country backwards. I may get upset with one person but it's important never to fall into the temptation of disrespecting the group.,0.2617
1359637291753422854,https://twitter.com/labellerose30/status/1359637291753422854,labellerose30,@sabrin0x Nobody wants to go the Horn of Africa. Ethiopia is the only stable country there. even Ethiopia is currently in a war zone. African usually wants to go developed countries not third world countries Lmao,0.296
1359935875908571136,https://twitter.com/xsiriusdollx/status/1359935875908571136,xsiriusdollx,@labellerose30 @sabrin0x ur not clocked in ethnic cleansing Ethiopia? Ethiopia is no near stable,-0.4745
1359935701870141443,https://twitter.com/MsEzinne/status/1359935701870141443,MsEzinne,"@Miskita_G @sabrin0x @CKHyppolite @swilllax24 @Fuad_Murcood @labellerose30 @AsmeretWM I‚Äôm not Haitian. Clearly your anger is clouding your judgement. Anyways, @CKHyppolite said nothing wrong. Your comment is still disgusting. Bye.",-0.7785
1359934425442713609,https://twitter.com/MsEzinne/status/1359934425442713609,MsEzinne,@Miskita_G @sabrin0x @CKHyppolite @swilllax24 @Fuad_Murcood @labellerose30 @AsmeretWM Chile please you have some pent up anger or something? Why did her comment get you so mad? So make a lot of assumptions. Am Biafran/E. Nigerian so please just hush.,-0.5974
1359929538822737921,https://twitter.com/CKHyppolite/status/1359929538822737921,CKHyppolite,"@Fuad_Murcood @sabrin0x @swilllax24 @Miskita_G @labellerose30 @AsmeretWM Again, how important are border disputes when their is one passport? The only question becomes who makes decisions for local matters and it should be the local people.",-0.0516
1359934191807455237,https://twitter.com/Lafabuleuse_/status/1359934191807455237,Lafabuleuse_,@CKHyppolite @Fuad_Murcood @sabrin0x @swilllax24 @Miskita_G @labellerose30 @AsmeretWM What an ignorant comment. Please don‚Äôt speak on things you know nothing about.,0.0516
1359931029121884164,https://twitter.com/Nazodum/status/1359931029121884164,Nazodum,"@sabrin0x @CKHyppolite @swilllax24 @Fuad_Murcood @Miskita_G @labellerose30 @AsmeretWM STFU, she's as African as you can ever be. No that it matters here though, Haiti has an observer seat in the African Union &amp; on track to be an associate member.",-0.2732
1359934016665907208,https://twitter.com/Nazodum/status/1359934016665907208,Nazodum,@sabrin0x @CKHyppolite @swilllax24 @Fuad_Murcood @Miskita_G @labellerose30 @AsmeretWM *Not,0.0
1359932945218338820,https://twitter.com/CKHyppolite/status/1359932945218338820,CKHyppolite,@MsEzinne @Miskita_G @sabrin0x @swilllax24 @Fuad_Murcood @labellerose30 @AsmeretWM The irony is they don't want an African passport and then want to get mad at me because I want one! Like how?,-0.2057
1359933247816421377,https://twitter.com/MsEzinne/status/1359933247816421377,MsEzinne,@CKHyppolite @Miskita_G @sabrin0x @swilllax24 @Fuad_Murcood @labellerose30 @AsmeretWM It‚Äôs very ironic.,-0.2006
1359931988162052098,https://twitter.com/MsEzinne/status/1359931988162052098,MsEzinne,"@Miskita_G @sabrin0x @CKHyppolite @swilllax24 @Fuad_Murcood @labellerose30 @AsmeretWM My community has been called https://t.co/TOLdVKchPS you‚Äôre weird for not knowing there is nothing weird about one saying ‚Äúleopard child‚Äù in my handle,like child of the python etc.&amp; once again saying Haiti would love to join the AU is not ‚Äúcoming for you‚Äù.You went 0-100 for nada.",0.7366
1359929673434734595,https://twitter.com/Pundit_Murcood/status/1359929673434734595,Pundit_Murcood,"@xspotsdamark @CKHyppolite @sabrin0x @swilllax24 @Miskita_G @labellerose30 @AsmeretWM Civil War is over , they will eventually have to go back , no choice .",-0.7269
1359930984775442437,https://twitter.com/xspotsdamark/status/1359930984775442437,xspotsdamark,"@Fuad_Murcood @CKHyppolite @sabrin0x @swilllax24 @Miskita_G @labellerose30 @AsmeretWM Until they all do, you should keep quite about open borders,  because if those ""Bantu Countries"" closed their borders as you are suggesting, your people will be screwed.",-0.4939
1359930451327123459,https://twitter.com/MsEzinne/status/1359930451327123459,MsEzinne,@Miskita_G @sabrin0x @CKHyppolite @swilllax24 @Fuad_Murcood @labellerose30 @AsmeretWM She didn‚Äôt come for you as you claim either.,0.0
1359929858143494148,https://twitter.com/Pundit_Murcood/status/1359929858143494148,Pundit_Murcood,@CKHyppolite @sabrin0x @swilllax24 @Miskita_G @labellerose30 @AsmeretWM We won't accept that sorry .,-0.2411
1359930312780877825,https://twitter.com/CKHyppolite/status/1359930312780877825,CKHyppolite,"@Fuad_Murcood @sabrin0x @swilllax24 @Miskita_G @labellerose30 @AsmeretWM Again, it just sounds like you don't want to be part of a union and I respect that. I don't believe in forced marriages.",0.7819
1359930130576138243,https://twitter.com/MsEzinne/status/1359930130576138243,MsEzinne,"@Miskita_G @sabrin0x @CKHyppolite @swilllax24 @Fuad_Murcood @labellerose30 @AsmeretWM Yes I am a leopard child. Since you assert some sort of cultural supremacy over Haitians because you‚Äôre ‚ÄúAfrican‚Äù, and they not according to you, I‚Äôm sure you should now the importance of animal/ clan totems in Africa right? üçµ",0.7512
1359928606097629188,https://twitter.com/xspotsdamark/status/1359928606097629188,xspotsdamark,@CKHyppolite @sabrin0x @swilllax24 @Fuad_Murcood @Miskita_G @labellerose30 @AsmeretWM They need to be talking to the 800 thousand Somali people living as refugees in Bantu nations. They're the number one beneficiaries of open borders. I won't take them seriously until they start advocating for all their people to return to their nation &amp; stay there,0.56
1359928837988040710,https://twitter.com/Pundit_Murcood/status/1359928837988040710,Pundit_Murcood,"@CKHyppolite @sabrin0x @swilllax24 @Miskita_G @labellerose30 @AsmeretWM It's not border dispute , they're claiming a huge portion of Somalia .\nThe blue highlighted is jubaland. https://t.co/MuU9MjiYMc",0.5511
1359927918269505538,https://twitter.com/CKHyppolite/status/1359927918269505538,CKHyppolite,"@Fuad_Murcood @sabrin0x @swilllax24 @Miskita_G @labellerose30 @AsmeretWM There is no need for one action or another. Plus, I think disunity is the greatest weakness we are all facing. Also, these border disputes are every where.",-0.2263
1359909139296776197,https://twitter.com/CKHyppolite/status/1359909139296776197,CKHyppolite,"@sabrin0x @swilllax24 @Fuad_Murcood @Miskita_G @labellerose30 @AsmeretWM Yes, because we are Africans.",0.4019
1359927452534009857,https://twitter.com/Pundit_Murcood/status/1359927452534009857,Pundit_Murcood,"@CKHyppolite @sabrin0x @swilllax24 @Miskita_G @labellerose30 @AsmeretWM It's easier said than done , you should work on making  your country better for your citizens than may be we will make alliance with countries that have proven themselves to be successful,  the loosers are loosers because of their actions,  there's nothing we can do for them .",0.8591
1359925410432188420,https://twitter.com/CKHyppolite/status/1359925410432188420,CKHyppolite,"@Fuad_Murcood @sabrin0x @swilllax24 @Miskita_G @labellerose30 @AsmeretWM I think people moving freely would make these border disputes less relevant. There should be local governments to handle matters that are close to the people in an area. However, many of the borders don't make sense with ethnic groups across multiple nations.",0.2263
1359923049143828480,https://twitter.com/Pundit_Murcood/status/1359923049143828480,Pundit_Murcood,"@CKHyppolite @sabrin0x @swilllax24 @Miskita_G @labellerose30 @AsmeretWM This is daily nation from Kenya about 5 hours ago laying a claim on jubaland which is a region in Somalia üá∏üá¥,  and you want to share what ? https://t.co/4WMpxW7tl7",0.3612
1359923875212050432,https://twitter.com/CKHyppolite/status/1359923875212050432,CKHyppolite,@Fuad_Murcood @sabrin0x @swilllax24 @Miskita_G @labellerose30 @AsmeretWM You are saying Jubaland is part of Somalia but Kenya is trying to steal it?,-0.6486
1359925248876027905,https://twitter.com/Pundit_Murcood/status/1359925248876027905,Pundit_Murcood,"@CKHyppolite @sabrin0x @swilllax24 @Miskita_G @labellerose30 @AsmeretWM Yes , there has been a maritime case between the two countries in ICJ ,Kenya refuses to resolve the issue through legal channels and wants to use hostile acts to get it's way , do a research on the matter ,the two countries clashed multiple times already ,all out war is possible",-0.1531
1359921905806024714,https://twitter.com/CKHyppolite/status/1359921905806024714,CKHyppolite,@Fuad_Murcood @sabrin0x @swilllax24 @Miskita_G @labellerose30 @AsmeretWM I assume you are referring to Kenyans?,0.0
1359922155127988229,https://twitter.com/Pundit_Murcood/status/1359922155127988229,Pundit_Murcood,@CKHyppolite @sabrin0x @swilllax24 @Miskita_G @labellerose30 @AsmeretWM Yes I'm referring to Kenya .,0.4019
1359921573269037060,https://twitter.com/Pundit_Murcood/status/1359921573269037060,Pundit_Murcood,@CKHyppolite @sabrin0x @swilllax24 @Miskita_G @labellerose30 @AsmeretWM You protect yourself first then you can help your neighbors. They're engaged in cold war with us right now but we will defend ourselves to the core .they sold their country and are trying to lay a claim on our territory even though the British gave them Somali territory GREEDY .,-0.4587
1359920119523270658,https://twitter.com/CKHyppolite/status/1359920119523270658,CKHyppolite,"@Fuad_Murcood @sabrin0x @swilllax24 @Miskita_G @labellerose30 @AsmeretWM Almost every West &amp; Central African nation treated the slave trade as a national problem protect their own people from. Their failure to realize their neighbors' problem would be theirs was a huge strategic mistake. As a descendant of enslaved African, it's an important lesson.",-0.7964
1359921113313267717,https://twitter.com/CKHyppolite/status/1359921113313267717,CKHyppolite,"@Fuad_Murcood @sabrin0x @swilllax24 @Miskita_G @labellerose30 @AsmeretWM Take for example the lack of assistance offered to Zimbabwe as they battled sanctions. South Africans would have fewer immigrants to complaint about if, they and other nations had helped. Or consider the way German helped Greece when they were facing financial problems?",-0.8126
1359921526418665474,https://twitter.com/CKHyppolite/status/1359921526418665474,CKHyppolite,"@Fuad_Murcood @sabrin0x @swilllax24 @Miskita_G @labellerose30 @AsmeretWM If nations don't want to help other nationals militarily and economically when it's needed, it's not a union. All I am saying is countries that don't want to be part of a union should not be part of the union. I don't believe in forced marriages.",-0.0572
1359918863299858435,https://twitter.com/Pundit_Murcood/status/1359918863299858435,Pundit_Murcood,"@CKHyppolite @sabrin0x @swilllax24 @Miskita_G @labellerose30 @AsmeretWM Kenya which is our neighbor is on the verge of collapsing due to corruption,  be careful what you wish for , you don't be dragged into someone else's mess .",-0.0649
1359915380408545285,https://twitter.com/CKHyppolite/status/1359915380408545285,CKHyppolite,@Fuad_Murcood @sabrin0x @swilllax24 @Miskita_G @labellerose30 @AsmeretWM You didn't answer the first question.,0.0
1359916563370016771,https://twitter.com/Pundit_Murcood/status/1359916563370016771,Pundit_Murcood,"@CKHyppolite @sabrin0x @swilllax24 @Miskita_G @labellerose30 @AsmeretWM South Africa allot of North Africa the horn is pouncing back Tanzania Zanzibar and many more , some west African countries that Nigeria leads are failing due to corruption.",-0.5106
1359915237588299776,https://twitter.com/Pundit_Murcood/status/1359915237588299776,Pundit_Murcood,"@CKHyppolite @sabrin0x @swilllax24 @Miskita_G @labellerose30 @AsmeretWM That's one area Africa can cooperate,  in the field of trade , less taxes easy movement of goods and services but no passport , we are keeping our passport .",-0.2475
1359914209547542542,https://twitter.com/CKHyppolite/status/1359914209547542542,CKHyppolite,@Fuad_Murcood @sabrin0x @swilllax24 @Miskita_G @labellerose30 @AsmeretWM Who are these countries that are so well off that they fear being dragged down? Do you know Africa has the lowest intra-continental trade of any continent? Africans not interacting / Africans is a source of many political &amp; economic problems this will help everyone's development,-0.5601
1359913320837500934,https://twitter.com/Pundit_Murcood/status/1359913320837500934,Pundit_Murcood,"@CKHyppolite @sabrin0x @swilllax24 @Miskita_G @labellerose30 @AsmeretWM Some of these countries are well off while others are rife with corruption totally bankrupt,  how do you give them the same passport?",-0.4201
1359911857713254402,https://twitter.com/CKHyppolite/status/1359911857713254402,CKHyppolite,"@Fuad_Murcood @sabrin0x @swilllax24 @Miskita_G @labellerose30 @AsmeretWM I agree that the AU is corrupt but it's the institution that exists. It's very simple, you don't want an African passport and I actually do.",0.1071
1359911999455526913,https://twitter.com/Pundit_Murcood/status/1359911999455526913,Pundit_Murcood,"@CKHyppolite @sabrin0x @swilllax24 @Miskita_G @labellerose30 @AsmeretWM You're not missing much , but I can appreciate your fondness.",0.8672
1359912254192431107,https://twitter.com/CKHyppolite/status/1359912254192431107,CKHyppolite,"@Fuad_Murcood @sabrin0x @swilllax24 @Miskita_G @labellerose30 @AsmeretWM Even if it's just symbolic, I want the symbol.",0.0772
1359911483006672904,https://twitter.com/CKHyppolite/status/1359911483006672904,CKHyppolite,"@Fuad_Murcood @sabrin0x @swilllax24 @Miskita_G @labellerose30 @AsmeretWM I didn't say we were. But Haiti applied twice for membership and I believe was granted ""observer status,"" which I am not amused about. Haitians were taken off the continent by force &amp; 2/3 were born on the continent when the nation became independent. We are African people.",-0.1275
1359910689016598531,https://twitter.com/Pundit_Murcood/status/1359910689016598531,Pundit_Murcood,"@CKHyppolite @sabrin0x @swilllax24 @Miskita_G @labellerose30 @AsmeretWM When did Haiti become part of African union? Besides most of African countries heads of states are still subservient to colonialists,  the organization is compromised,  they report everything to their masters , trust me it's not that useful.",0.2249
1359909378476945408,https://twitter.com/CKHyppolite/status/1359909378476945408,CKHyppolite,"@sabrin0x @swilllax24 @Fuad_Murcood @Miskita_G @labellerose30 @AsmeretWM If you don't want to be part of a united Africa, you all you just not be part of the African Union.",0.3773
1359907638000160772,https://twitter.com/swilllax24/status/1359907638000160772,swilllax24,@CKHyppolite @Fuad_Murcood @Miskita_G @labellerose30 @AsmeretWM @sabrin0x I wouldn't waste time argueing with a face less profile.,0.3252
1359891963814764547,https://twitter.com/Pundit_Murcood/status/1359891963814764547,Pundit_Murcood,"@CKHyppolite @Miskita_G @labellerose30 @AsmeretWM @sabrin0x Haiti is not in African continent , my argument is not if you're African or not , may be colonialists took you there i don't know .",-0.3612
1359656582158630915,https://twitter.com/labellerose30/status/1359656582158630915,labellerose30,"@Miskita_G @AsmeretWM @sabrin0x Ain‚Äôt nobody obsessed with y‚Äôall. Tell that to African Americans lmao. if anything this passport will be more useful for your people, no offense. Wasn‚Äôt the US bombing Somalia two weeks ago.",0.7983
1359883687123419140,https://twitter.com/CKHyppolite/status/1359883687123419140,CKHyppolite,@labellerose30 @Miskita_G @AsmeretWM @sabrin0x Why are you attacking African Americans for no reason?,-0.6369
1359881519960055813,https://twitter.com/xspotsdamark/status/1359881519960055813,xspotsdamark,"@AsmeretWM @sabrin0x The president of your country, Isaias Afwerki, is the only communist leader in Africa today.",0.0
1359836018317352960,https://twitter.com/JJJy21/status/1359836018317352960,JJJy21,"@Miskita_G @labellerose30 @AsmeretWM @sabrin0x Developing your country how? while all your folks run to S.A, west Africa and other East African countries like Kenya, Uganda, S. Sudan, Sudan, Rwanda, Tanzania for business. Stay in your country first of all.",0.3612
1359701639343398912,https://twitter.com/MBEmpower/status/1359701639343398912,MBEmpower,@AsmeretWM @sabrin0x You're literally an immigrant denigrating both Africans and literally the only movement that liberated East and West Africa from colonial rule. \n\nI don't know what's worse your self hate or ignorance. ü§∑üèø‚Äç‚ôÇÔ∏è,-0.5641
1359834762995781634,https://twitter.com/JJJy21/status/1359834762995781634,JJJy21,@MBEmpower @AsmeretWM @sabrin0x She is stupid.,-0.5267
1359832450076200960,https://twitter.com/JJJy21/status/1359832450076200960,JJJy21,@Miskita_G @labellerose30 @AsmeretWM @sabrin0x Ain't afraid of the west? üòÇ Your president literally begged Trump not to withdraw US troops from Somalia and look at you over here being an egoistically dumb a** üòÇ,0.3612
1359732306861117443,https://twitter.com/SirAdamHQ/status/1359732306861117443,SirAdamHQ,@Tunisianguy2 @sabrin0x üò≠üò≠üò≠üò≠üò≠üò≠ real shit,-0.969
1359673773608349696,https://twitter.com/labellerose30/status/1359673773608349696,labellerose30,@sabrin0x sweetie you have been triggered for days nowüòÇ. How can I a black person be racist towards another black person? You should definitely look the definition of racism. heard of freedom of speech ?,0.644
1359672420353925123,https://twitter.com/labellerose30/status/1359672420353925123,labellerose30,@sabrin0x lmao Imma go $1 to unicef and doctor without borders for your country.  Clapped border üòÇüòÇüòÇüòÇ! Have a good night,0.9565
1359672496933502983,https://twitter.com/labellerose30/status/1359672496933502983,labellerose30,@sabrin0x Donate*,0.0
1359667983493320704,https://twitter.com/AsmeretWM/status/1359667983493320704,AsmeretWM,@labellerose30 @Miskita_G @sabrin0x So u think Africans should just lay  down and die bc African dictators are ruthless? You're underestimating the power of the ppl. We don't need the Westerners but we need to encourage our ppl to stand up for their rights &amp; fight these tyrants. Thanks for the chat and goodnight!,0.5778
1359669171093651456,https://twitter.com/labellerose30/status/1359669171093651456,labellerose30,"@AsmeretWM @Miskita_G @sabrin0x Im a pacifist, and I believe people should stand up for their rights. but like I said, peaceful protest in Africa always turn violent. You too have a goodnight",-0.0772
1359666413049372675,https://twitter.com/labellerose30/status/1359666413049372675,labellerose30,@AsmeretWM @Miskita_G @sabrin0x We are talking about African leaders here lol. They don‚Äôt care about their citizens. police officers shoot at civilians during protests in Africa. How many people are going to die for the cause before the leaders come to their senses? Western countries will have to get involved.,-0.296
1359665677892788224,https://twitter.com/AsmeretWM/status/1359665677892788224,AsmeretWM,"@labellerose30 @Miskita_G @sabrin0x ""At the end of the day it's our leaders who have the last say."" \n\nI beg to differ. It's the people that have the last say.\nUnelected Marxist dictators, like the ones in Eritrea and Ethiopia, have no right to decide for the people.",0.0772
1359664913556385793,https://twitter.com/labellerose30/status/1359664913556385793,labellerose30,"@Miskita_G @AsmeretWM @sabrin0x again, I‚Äôm sure many African countries are against this. The people on tweeter nor I speak for the 15 west African countries. At the end of the day its our leaders who have the last say. I‚Äôm sure Kenya and Tanzania the two most developed countries in East Africa are against this",0.5574
1359663384862539778,https://twitter.com/labellerose30/status/1359663384862539778,labellerose30,@AsmeretWM @Miskita_G @sabrin0x I never said it was a single entity lol. Heard of the Berlin conference lmao? These modern borders were indeed made by Europeans. take Senegal and Gambia for instance. Both countries used to be part of the same kingdom. France ended up with Senegal and theGambia with the British,0.7717
1359664798871478272,https://twitter.com/AsmeretWM/status/1359664798871478272,AsmeretWM,"@labellerose30 @Miskita_G @sabrin0x Yes I agree that some borders, such as Senegal and Gambia, shouldn't be there, but let the ppl in those countries decide if they want to live separated or in their own nations, like the UN did with Eritrea in 1993, when 99,8 of Eris voted to live in their own sovereign nation.",0.743
1359662603170111491,https://twitter.com/labellerose30/status/1359662603170111491,labellerose30,"@Miskita_G @AsmeretWM @sabrin0x Have you talked to every west Africans (350+ millions of us)lol? from what I understood, this passport will allow Africans to move freely across the continent without visa. West Africans are allowed to travel to any West African country without visa because of ECOWAS.",0.5859
1359663759556546560,https://twitter.com/AsmeretWM/status/1359663759556546560,AsmeretWM,@labellerose30 @Miskita_G @sabrin0x The UN says that 80% of Congolese women have been raped by Congolese rebels\soldiers. 40% of the SA women have been raped. There are ethnic cleansing\genocide going on in many parts of Africa. Open borders would open door open to rapists &amp; mass murderer. That's not a good idea.,-0.9702
1359662612980654083,https://twitter.com/AsmeretWM/status/1359662612980654083,AsmeretWM,"@labellerose30 @Miskita_G @sabrin0x That's not true at all. Africa has never been a single entity.  There have always been kingdoms, sultanates, empires in Africa and often rivers, lakes, mountains., have served as borders between those nations. For example, 80% of Eritrea-Ethiopia border consists of rivers, lakes.",-0.3252
1359661187567353861,https://twitter.com/labellerose30/status/1359661187567353861,labellerose30,"@AsmeretWM @Miskita_G @sabrin0x Very true! but these borders weren‚Äôt made by Africans, the borders were imposed on us by colonial powers. I personally don‚Äôt think it is good idea. There are already way too many border wars in the continent .",-0.189
1359660529485312001,https://twitter.com/labellerose30/status/1359660529485312001,labellerose30,"@AsmeretWM @Miskita_G @sabrin0x Lol the UK is not doing better since they left the EU. They are now paying more tariff,quotas and taxes. African countries should remove trade barriers and export/import from one another that‚Äôs what will boost our economies",0.4756
1359661678657421319,https://twitter.com/AsmeretWM/status/1359661678657421319,AsmeretWM,"@labellerose30 @Miskita_G @sabrin0x The UK left the EU in 2016 but they are technically still under the EU dictatorship, which means that they've been paying billions of Euros to the EU every month, while the unelected beuaucrats in the EU have been sabotaging for British economy. Everything isn't black and white!",0.0
1359660036750991360,https://twitter.com/AsmeretWM/status/1359660036750991360,AsmeretWM,"@labellerose30 @Miskita_G @sabrin0x There's a reason why the 2 wealthiest and most stable nations in Europe are Switzerland and Norway and both nations are not members of the EU. A borderless Africa would mean endless wars, conflicts, genocide of minorities, and the Eris would be the first ones to be exterminated",-0.1298
1359659256803385346,https://twitter.com/AsmeretWM/status/1359659256803385346,AsmeretWM,"@labellerose30 @Miskita_G @sabrin0x It's better for everyone if African nations keep their borders and maintain their sovereignty.. Look at the EU, were political parties with an anti-EU agenda are leading in every EU nation because the people want to live in their own sovereign nations with their own people.",0.7096
1359659072853860355,https://twitter.com/labellerose30/status/1359659072853860355,labellerose30,"@AsmeretWM @Miskita_G @sabrin0x United africa ü§£? Tribes can‚Äôt even get along in one country, so imagine what‚Äôs gonna happen if the entire continent is United. Nigeria is still the giant of Africa, highest GDP on the continent. Nigerians are doing fine compared to most countries in the continent.",0.8625
1359659845595631618,https://twitter.com/labellerose30/status/1359659845595631618,labellerose30,"@Miskita_G @AsmeretWM @sabrin0x Although nobody is afraid of the US, no African country has nuclear weapons. We are all defenseless. most African Americans don‚Äôt wanna live in Africa, they just wanna visit. they usually move to Ghana and South Africa. we Africans are the ones flocking to the US.",-0.7579
1359652201845686283,https://twitter.com/labellerose30/status/1359652201845686283,labellerose30,@Miskita_G @AsmeretWM @sabrin0x the thing is every country in West Africa has a higher GDP than every country in the horn Africa with the exception of Ethiopia. Even Ethiopians are fleeing to Kenya due to the current conflict. Why would any African wanna leave their country to move to a poorer African country?,-0.6124
1359657986340364289,https://twitter.com/AsmeretWM/status/1359657986340364289,AsmeretWM,"@labellerose30 @Miskita_G @sabrin0x Nigeria is a very rich nation but it also true that the Nigerian elite, 5% of the population, are ultra wealthy, while 95% of the population live in poverty. You'll have similar situation in a united Africa: a tiny ultra wealthy elite and the rest will live in complete poverty..",0.7541
1359651151667421184,https://twitter.com/AsmeretWM/status/1359651151667421184,AsmeretWM,"@Miskita_G @sabrin0x I can't speak for Somalia but Eris fought 30 years for our independence and 99,8% of Eris voted to live in our sovereign nation, so Eris will reject this agenda, even if the Marxist dictator in Eritrea is trying to sell out our independence in the name of ""economic integration""",-0.7843
1359649155979829257,https://twitter.com/AsmeretWM/status/1359649155979829257,AsmeretWM,@Miskita_G @sabrin0x Yes but look also at the current location of most of these Africans who dream of a borderless Africa: Most of them live in the US or Canada. Africans in Africa are very ethnocentric and they want to live with their own ppl and that's why we've so many ethnic conflicts in Africa,0.0011
