g0k3onz,https://www.reddit.com/r/TumblrInAction/comments/i4rsdb/internet_slang_is_only_for_black_people_apparently/g0k3onz/,AutoModerator,"**IMPORTANT** - Reddit's owners have introduced a new [content policy](https://www.reddit.com/r/announcements/comments/hi3oht/update_to_our_content_policy/) which  effectively forbids criticism of groups that are often featured here. See [this post](https://www.reddit.com/r/TumblrInAction/comments/hcbkm8/on_reddits_administration_and_the_future_of/) for more details.

Your posts and comments may be removed by Reddit administrators, and it's likely that TiA will be targeted for banning in the near future.

We'd love it if you'd join us at our **backup site** over at [www.ruqqus.com/+TumblrInAction](http://www.ruqqus.com/+TumblrInAction). Ruqqus is a Reddit alternative designed to avoid problems with partisan administration and abusive moderation. Feel free to crosspost content!


*I am a bot, and this action was performed automatically. Please [contact the moderators of this subreddit](/message/compose/?to=/r/TumblrInAction) if you have any questions or concerns.*",0.7734
g0k44ja,https://www.reddit.com/r/TumblrInAction/comments/i4rsdb/internet_slang_is_only_for_black_people_apparently/g0k44ja/,goodplaceshrimp,AAVE = African American Vernacular English. Basically a style of English spoken by black North Americans in urban areas. It has impacted slang quite a bit but that's how language works. It evolves. No dialect or style of any language belongs to anyone.,-0.4215
g0ke8df,https://www.reddit.com/r/TumblrInAction/comments/i4rsdb/internet_slang_is_only_for_black_people_apparently/g0ke8df/,WRZESZCZ_1998,"Lol this noob is rekt &lt;- clearly ""aave""",0.6486
g0kmil4,https://www.reddit.com/r/TumblrInAction/comments/i4rsdb/internet_slang_is_only_for_black_people_apparently/g0kmil4/,Theseus_The_King,So is the solution to ban black people from the internet?,-0.2585
g0kpeaa,https://www.reddit.com/r/TumblrInAction/comments/i4rsdb/internet_slang_is_only_for_black_people_apparently/g0kpeaa/,dariusdetiger,So.... ebonics?,0.0
g0kqtms,https://www.reddit.com/r/TumblrInAction/comments/i4rsdb/internet_slang_is_only_for_black_people_apparently/g0kqtms/,goodplaceshrimp,basically yeah,0.296
g0kqy3g,https://www.reddit.com/r/TumblrInAction/comments/i4rsdb/internet_slang_is_only_for_black_people_apparently/g0kqy3g/,goodplaceshrimp,"No, it's to ban anyone who isn't black from the internet so they don't appropriate culture /s",-0.5574
g0kshie,https://www.reddit.com/r/TumblrInAction/comments/i4rsdb/internet_slang_is_only_for_black_people_apparently/g0kshie/,TheArgonian,UwU gimme cummie wummies &lt;- A shining beacon of African American culture.,0.0
g0kv973,https://www.reddit.com/r/TumblrInAction/comments/i4rsdb/internet_slang_is_only_for_black_people_apparently/g0kv973/,Ravnak,"I should have stopped reading at ""UwU"".  I knew nothing good was going to follow... but here we are.",-0.2853
g0kx80s,https://www.reddit.com/r/TumblrInAction/comments/i4rsdb/internet_slang_is_only_for_black_people_apparently/g0kx80s/,Hipposeverywhere,"Linguistically speaking, each individual speaker of English (which has no academy that determines what exactly English is supposed to be) speaks their own version of English. Most are mutually intelligible. But are still unique versions",0.0598
g0l0r38,https://www.reddit.com/r/TumblrInAction/comments/i4rsdb/internet_slang_is_only_for_black_people_apparently/g0l0r38/,Notbbupdate,“Doritos XD” is a epitome of African immigration,0.0
g0l27x6,https://www.reddit.com/r/TumblrInAction/comments/i4rsdb/internet_slang_is_only_for_black_people_apparently/g0l27x6/,Eveeto,No I don't think I will.,-0.296
g0l64ae,https://www.reddit.com/r/TumblrInAction/comments/i4rsdb/internet_slang_is_only_for_black_people_apparently/g0l64ae/,goosegogoose,u poppd off,0.0
g0l6n1d,https://www.reddit.com/r/TumblrInAction/comments/i4rsdb/internet_slang_is_only_for_black_people_apparently/g0l6n1d/,kildar3,Aka really shit english.,-0.5984
g0l9dvb,https://www.reddit.com/r/TumblrInAction/comments/i4rsdb/internet_slang_is_only_for_black_people_apparently/g0l9dvb/,Barney_the_soldier,Okay and? That's not gonna stop me from using the internet slang,0.4191
g0lbnab,https://www.reddit.com/r/TumblrInAction/comments/i4rsdb/internet_slang_is_only_for_black_people_apparently/g0lbnab/,OpossumExpert,This meme format sucks tbh and now it’s sucks even more can it plz die,-0.8093
g0ld6ev,https://www.reddit.com/r/TumblrInAction/comments/i4rsdb/internet_slang_is_only_for_black_people_apparently/g0ld6ev/,SailoreC,"Even if it *is* AAVE, why does it matter? No one will stop using AAVE because smoothbrains on Twitter say you shouldn't. It's like saying you're not allowed to learn Russian because it belongs to Russians.",-0.6608
g0ljwqb,https://www.reddit.com/r/TumblrInAction/comments/i4rsdb/internet_slang_is_only_for_black_people_apparently/g0ljwqb/,[deleted],[removed],0.0
g0lmhj3,https://www.reddit.com/r/TumblrInAction/comments/i4rsdb/internet_slang_is_only_for_black_people_apparently/g0lmhj3/,veetack,Not basically. It’s Ebonics.,0.0
g0lwlqy,https://www.reddit.com/r/TumblrInAction/comments/i4rsdb/internet_slang_is_only_for_black_people_apparently/g0lwlqy/,Beelzebubs-Barrister,f,0.0
g0m0g5o,https://www.reddit.com/r/TumblrInAction/comments/i4rsdb/internet_slang_is_only_for_black_people_apparently/g0m0g5o/,orion-7,And then there's Geordies. Allegedly that's English,0.0
g0m994i,https://www.reddit.com/r/TumblrInAction/comments/i4rsdb/internet_slang_is_only_for_black_people_apparently/g0m994i/,WRZESZCZ_1998,U wot m9,0.0
g0magpe,https://www.reddit.com/r/TumblrInAction/comments/i4rsdb/internet_slang_is_only_for_black_people_apparently/g0magpe/,darkjungle,"Nah, that's Pidgeon",-0.1027
g0mef5l,https://www.reddit.com/r/TumblrInAction/comments/i4rsdb/internet_slang_is_only_for_black_people_apparently/g0mef5l/,blamb211,"Pidgin, actually",0.0
g0misvf,https://www.reddit.com/r/TumblrInAction/comments/i4rsdb/internet_slang_is_only_for_black_people_apparently/g0misvf/,Frothy-Water,"I love how racist these folk are. “All blacks use slang, they are literally incapable of it” is a racist af",-0.7506
g0mopdl,https://www.reddit.com/r/TumblrInAction/comments/i4rsdb/internet_slang_is_only_for_black_people_apparently/g0mopdl/,ManofCatsYT,Yep that's right. White people get out of here with your lol's and omg's. Black people only!,0.3595
g0mr2sa,https://www.reddit.com/r/TumblrInAction/comments/i4rsdb/internet_slang_is_only_for_black_people_apparently/g0mr2sa/,Darth_Rex,Aave means ghost in my language. :D,0.4084
g0mshjr,https://www.reddit.com/r/TumblrInAction/comments/i4rsdb/internet_slang_is_only_for_black_people_apparently/g0mshjr/,angel-samael,people need to stop making such a big deal about what is basically slang because it changes so quickly that anything written more than 3 years ago becomes cringe.,-0.296
g0myxbe,https://www.reddit.com/r/TumblrInAction/comments/i4rsdb/internet_slang_is_only_for_black_people_apparently/g0myxbe/,ArcherCC,You and I both......fuck.,0.0
g0n1piy,https://www.reddit.com/r/TumblrInAction/comments/i4rsdb/internet_slang_is_only_for_black_people_apparently/g0n1piy/,FarhanAxiq,[here's a good video about it](https://youtu.be/UZpCdI6ZKU4),0.4404
g0ndczd,https://www.reddit.com/r/TumblrInAction/comments/i4rsdb/internet_slang_is_only_for_black_people_apparently/g0ndczd/,Thatcher1979,Geordies are far more intelligible than scousers.,0.4005
g0nj4c1,https://www.reddit.com/r/TumblrInAction/comments/i4rsdb/internet_slang_is_only_for_black_people_apparently/g0nj4c1/,shinarit,Please do it between four walls.,0.3182
g0njaej,https://www.reddit.com/r/TumblrInAction/comments/i4rsdb/internet_slang_is_only_for_black_people_apparently/g0njaej/,shinarit,"I wouldn't be against white people _not_ using ebonics on the internet, just because it's fucking cringe to me. I'm not American, our pop culture is not dominated by black people. But on the other hand I'm all for cultural appropriation, so mix it up, y'all.",0.6486
g0nl2bw,https://www.reddit.com/r/TumblrInAction/comments/i4rsdb/internet_slang_is_only_for_black_people_apparently/g0nl2bw/,Plattbagarn,"Pigeons are pretty bad at English, too.",-0.0772
g0p3q3c,https://www.reddit.com/r/TumblrInAction/comments/i4rsdb/internet_slang_is_only_for_black_people_apparently/g0p3q3c/,[deleted],[deleted],0.0
g0ttrql,https://www.reddit.com/r/TumblrInAction/comments/i4rsdb/internet_slang_is_only_for_black_people_apparently/g0ttrql/,CrystalQueef,finnish?,0.0
g0u0ind,https://www.reddit.com/r/TumblrInAction/comments/i4rsdb/internet_slang_is_only_for_black_people_apparently/g0u0ind/,Darth_Rex,Yes that is correct!,0.4574
g0y2k4s,https://www.reddit.com/r/TumblrInAction/comments/i4rsdb/internet_slang_is_only_for_black_people_apparently/g0y2k4s/,Fredstien850,we wuz propa english speakerz in shiiit,0.0
g0ywrvi,https://www.reddit.com/r/TumblrInAction/comments/i4rsdb/internet_slang_is_only_for_black_people_apparently/g0ywrvi/,Doomsday_Device,"Not sure why you're being downvoted

Are the people downvoting you thinking all Indo-European Lamguages are just degenerate forms of Proto Indo-European?",-0.2411
g0ywv49,https://www.reddit.com/r/TumblrInAction/comments/i4rsdb/internet_slang_is_only_for_black_people_apparently/g0ywv49/,heylookthatsme43,My honest guess is. “If I don’t understand the grammar rules of AAVE they must be wrong and stupid”,0.0516
g1vpdq8,https://www.reddit.com/r/TumblrInAction/comments/i4rsdb/internet_slang_is_only_for_black_people_apparently/g1vpdq8/,GigglingAnus,American English isnt 'shitty British English' in any way. Aave is stupid people talk,-0.122
g1vpsxy,https://www.reddit.com/r/TumblrInAction/comments/i4rsdb/internet_slang_is_only_for_black_people_apparently/g1vpsxy/,heylookthatsme43,"AAVE is a dialect of English, so is American English, so is British English. None are inherently worse or better than others just different, you can feel free to think it sounds stupid, but just know that most AAVE speakers also speak American English meaning they are bidialectal and therefore have a much more developed use age of the English language than you do",0.3973
g1w27np,https://www.reddit.com/r/TumblrInAction/comments/i4rsdb/internet_slang_is_only_for_black_people_apparently/g1w27np/,GigglingAnus,"&gt; they are bidialectal and therefore have a much more developed use age of the English language than you do

Lol no",0.1531
g1w2bhg,https://www.reddit.com/r/TumblrInAction/comments/i4rsdb/internet_slang_is_only_for_black_people_apparently/g1w2bhg/,heylookthatsme43,"I’d say it’s much more impressive to be fluent in two dialects than one, but maybe that’s just me",0.3174
g1wgrrv,https://www.reddit.com/r/TumblrInAction/comments/i4rsdb/internet_slang_is_only_for_black_people_apparently/g1wgrrv/,GigglingAnus,Its just you. Put da pussy on da chainwax,0.0
g2mtc3k,https://www.reddit.com/r/TumblrInAction/comments/i4rsdb/internet_slang_is_only_for_black_people_apparently/g2mtc3k/,[deleted],[removed],0.0
i4rsdb,https://www.reddit.com/r/TumblrInAction/comments/i4rsdb/internet_slang_is_only_for_black_people_apparently/,goodplaceshrimp,,0.0
