g0vaj2t,https://www.reddit.com/r/NoStupidQuestions/comments/i6et5p/why_do_black_people_have_big_lips_while_white/g0vaj2t/,AutoModerator,"Hi Internal_Succotash71,

We noticed you are a pretty new Reddit account, so we just wanted to let you know to check out the subreddit rules [here](https://www.reddit.com/r/NoStupidQuestions/wiki/rules).

We're called No Stupid Questions because we believe nobody needs to be attacked for asking a question, but that doesn't mean there are no rules! This sub is meant for users like you to ask genuine questions, so please don't ask jokes or rants disguised as questions. While you can ask almost anything here, please keep illegal and loaded questions off this sub to give others a good experience and ask medical questions in more appropriate places.


*I am a bot, and this action was performed automatically. Please [contact the moderators of this subreddit](/message/compose/?to=/r/NoStupidQuestions) if you have any questions or concerns.*",0.5364
g0vakw6,https://www.reddit.com/r/NoStupidQuestions/comments/i6et5p/why_do_black_people_have_big_lips_while_white/g0vakw6/,newaccount252,I’m white. I have lips,0.0
g0vamky,https://www.reddit.com/r/NoStupidQuestions/comments/i6et5p/why_do_black_people_have_big_lips_while_white/g0vamky/,KaleMunoz,I’m Mexican. Big lips.,0.0
g0vb065,https://www.reddit.com/r/NoStupidQuestions/comments/i6et5p/why_do_black_people_have_big_lips_while_white/g0vb065/,sharltocopes,I'm a white person with a trouty mouth. Stop being racist.,-0.7351
g0vbl35,https://www.reddit.com/r/NoStupidQuestions/comments/i6et5p/why_do_black_people_have_big_lips_while_white/g0vbl35/,saladfingers4141,It’s got something to do with skull shape. Caucasian faces are generally flatter than African faces. Black people have teeth that are set a little further forward making the lips more prominent.,0.4576
g0vr1lk,https://www.reddit.com/r/NoStupidQuestions/comments/i6et5p/why_do_black_people_have_big_lips_while_white/g0vr1lk/,wetgege33,"LOL.

No. Skulls are the same.",0.5473
i6et5p,https://www.reddit.com/r/NoStupidQuestions/comments/i6et5p/why_do_black_people_have_big_lips_while_white/,Internal_Succotash71,,0.0
