gbjitpc,https://www.reddit.com/r/stupidpol/comments/jq41ar/bidenharris_winning_probably_means_a_dramatic/gbjitpc/,NextDoorJimmy,"It's done.

Just don't bother with this garbage country anymore. Let it die",-0.4337
gbjjt0w,https://www.reddit.com/r/stupidpol/comments/jq41ar/bidenharris_winning_probably_means_a_dramatic/gbjjt0w/,serviceunavailableX,"yeah, and always forgetting most blacks and minimum wage earners or their areas do not even have job opportunities and a lot of them got sh\*tty hospitals, and a lot do not have healthcare but of course lets whine over how hard is to be only black women on the brunch with other rich women",0.5346
gbjkcpq,https://www.reddit.com/r/stupidpol/comments/jq41ar/bidenharris_winning_probably_means_a_dramatic/gbjkcpq/,fitness,"https://mobile.twitter.com/a_centrism/status/1325259152072077312

Yeah looks like it",0.5719
gbjl7n5,https://www.reddit.com/r/stupidpol/comments/jq41ar/bidenharris_winning_probably_means_a_dramatic/gbjl7n5/,naz_bol,"They are already pushing ""using the term working class is white supremacy"". Minimum wage and universal healthcare will also fall under ""white supremacy"".",0.1027
gbjp3oc,https://www.reddit.com/r/stupidpol/comments/jq41ar/bidenharris_winning_probably_means_a_dramatic/gbjp3oc/,l0st0ne36,Grifters and the elite rejoice,0.4404
gbjr4sy,https://www.reddit.com/r/stupidpol/comments/jq41ar/bidenharris_winning_probably_means_a_dramatic/gbjr4sy/,Magehunter_Skassi,"I've been seeing a lot of people on left Twitter such as the Gravel Institute already trying to push Biden left and suggest immediately cancelling student debt and raising the minimum wage to $15 an hour. Intentions are good, but literally why would he this? He's not running for a second term. He's been openly antagonistic to the concerns of young people.",-0.6124
gbjtfbm,https://www.reddit.com/r/stupidpol/comments/jq41ar/bidenharris_winning_probably_means_a_dramatic/gbjtfbm/,w11t,"Sure but they are just gonna cause a red wave in midterms and 2024 using that rhetoric. It would be ideal if the main left-wing party wasn't the way they are, which is why strategy and effort being put in to change it will be necessary... starting ASAP",0.8689
gbk3c29,https://www.reddit.com/r/stupidpol/comments/jq41ar/bidenharris_winning_probably_means_a_dramatic/gbk3c29/,fritterstorm,He got all their votes without a single thing in return.,0.0
gbk839w,https://www.reddit.com/r/stupidpol/comments/jq41ar/bidenharris_winning_probably_means_a_dramatic/gbk839w/,whipped_dream,"Christ. 

Glad to see they'll be doing something more to fight Covid though, the national mask mandate would be nice though considering that even many police officers stated they refused to enforce it i don't know how effective it will actually be",-0.2101
gbkmndf,https://www.reddit.com/r/stupidpol/comments/jq41ar/bidenharris_winning_probably_means_a_dramatic/gbkmndf/,Dayglo-Abortions-,"It’s crazy how in my 25 years of life I’ve seen that term go from strictly describing stormfront dorks to describing fucking “working class” lol. 


It’s low hanging fruit to say they run nazi into the ground but good lord. It’s covered in footprints at this point.",0.5239
gbl4jin,https://www.reddit.com/r/stupidpol/comments/jq41ar/bidenharris_winning_probably_means_a_dramatic/gbl4jin/,CallOfReddit,Yes these morons voted for him,0.1027
gblbahu,https://www.reddit.com/r/stupidpol/comments/jq41ar/bidenharris_winning_probably_means_a_dramatic/gblbahu/,Habit_Western,You can't do anything outside of violent protest. Im just sitting back and watching it all unfold.,-0.7096
gbldlxh,https://www.reddit.com/r/stupidpol/comments/jq41ar/bidenharris_winning_probably_means_a_dramatic/gbldlxh/,TooManyDangPeople,"It's on his list of things to do when he gets into office, remove the EO stopping federal CRT training. It's actually a cancerous ideology that ferments discontent.",-0.1531
gblec0g,https://www.reddit.com/r/stupidpol/comments/jq41ar/bidenharris_winning_probably_means_a_dramatic/gblec0g/,AMNowForever,Yes I hate this.  There's nothing libs hate more than someone saying class first.,0.2495
gblu52o,https://www.reddit.com/r/stupidpol/comments/jq41ar/bidenharris_winning_probably_means_a_dramatic/gblu52o/,raughtweiller622,There’s literally 0 evidence that masks other than N-95 masks do anything to prevent coronavirus,0.0258
gblx1fk,https://www.reddit.com/r/stupidpol/comments/jq41ar/bidenharris_winning_probably_means_a_dramatic/gblx1fk/,MeetTheTwinAndreBen,Don’t be a retard of course they do. Anything that stops you from spitting on people helps. It’s not the end all be all but it helps,0.4019
gbm64qo,https://www.reddit.com/r/stupidpol/comments/jq41ar/bidenharris_winning_probably_means_a_dramatic/gbm64qo/,Jdlyn,Sorry buddy I didn't realize your high school drop out education made you an expert on the science of infectious diseases. If we needed an expert on heating up and shooting dope then I would ask you for your advice.,-0.34
gbm8eta,https://www.reddit.com/r/stupidpol/comments/jq41ar/bidenharris_winning_probably_means_a_dramatic/gbm8eta/,raughtweiller622,Bro I literally went to the University of Pennsylvania &amp; am a veterinarian lmfao,0.5423
gbmb2s1,https://www.reddit.com/r/stupidpol/comments/jq41ar/bidenharris_winning_probably_means_a_dramatic/gbmb2s1/,Giulio-Cesare,P100 &gt; N95,0.0
gbmbipw,https://www.reddit.com/r/stupidpol/comments/jq41ar/bidenharris_winning_probably_means_a_dramatic/gbmbipw/,thelasttime,It's become a magic talisman that gives people false security.,0.34
gbmkfft,https://www.reddit.com/r/stupidpol/comments/jq41ar/bidenharris_winning_probably_means_a_dramatic/gbmkfft/,KristenRedmond,"Unless they're making beer out of it it's ""foment"", rather than ""ferment""",0.0
gbmvign,https://www.reddit.com/r/stupidpol/comments/jq41ar/bidenharris_winning_probably_means_a_dramatic/gbmvign/,Josef_t,"Why are Americans so retarded? Seriously, he offered the left nothing. Quoting the great Negan: "" I made you slid my dick down your throat and you thanked me for it""",-0.8863
gbn2w9b,https://www.reddit.com/r/stupidpol/comments/jq41ar/bidenharris_winning_probably_means_a_dramatic/gbn2w9b/,[deleted],[removed],0.0
gbncd1l,https://www.reddit.com/r/stupidpol/comments/jq41ar/bidenharris_winning_probably_means_a_dramatic/gbncd1l/,Duke-Leto2,"Find a study before March showing that masks are anything more than marginally effective at preventing disease spread, then.",0.4997
gbnq9eu,https://www.reddit.com/r/stupidpol/comments/jq41ar/bidenharris_winning_probably_means_a_dramatic/gbnq9eu/,TooManyDangPeople,They both work? Look it up.,0.0
gbnrq6c,https://www.reddit.com/r/stupidpol/comments/jq41ar/bidenharris_winning_probably_means_a_dramatic/gbnrq6c/,MetallicMarker,(I had to remove my downvote after seeing the thread.   Carry on!),0.0
gbnrsz8,https://www.reddit.com/r/stupidpol/comments/jq41ar/bidenharris_winning_probably_means_a_dramatic/gbnrsz8/,MetallicMarker,I remove my mask when someone needs to be spat upon.,0.0
gbofvhd,https://www.reddit.com/r/stupidpol/comments/jq41ar/bidenharris_winning_probably_means_a_dramatic/gbofvhd/,yaosio,"What you do it can't be done on Reddit, you have to go join a leftist group or create one. You have to work with existing leftist groups, unions, and other groups. You have to take direct action, do mutual aid, educate people and get more people to join. If all a person does is post on Reddit, like me, it's not going to do anything.",0.8055
gbog1jo,https://www.reddit.com/r/stupidpol/comments/jq41ar/bidenharris_winning_probably_means_a_dramatic/gbog1jo/,yaosio,"When somebody tells you that working class is white supremacy they're saying that people of color don't work, which is racist rhetoric that has existed for a very long time. Or in other words, anybody that says the term working class is white supremacy is racist.

Working class also doesn't refer to people that are working at this very moment. Anybody that has to sell their labor to survive is working class even if they're not selling it.",-0.8225
gc2zfm1,https://www.reddit.com/r/stupidpol/comments/jq41ar/bidenharris_winning_probably_means_a_dramatic/gc2zfm1/,raughtweiller622,"Ayyyy, another Dune Fan!!!",0.4898
gcyod0d,https://www.reddit.com/r/stupidpol/comments/jq41ar/bidenharris_winning_probably_means_a_dramatic/gcyod0d/,Trigonotarbida,Gonna use this against radlibs in the future,0.0
gcyoi4p,https://www.reddit.com/r/stupidpol/comments/jq41ar/bidenharris_winning_probably_means_a_dramatic/gcyoi4p/,Trigonotarbida,Its such a stupid hill to die on,-0.8074
