g5bxna7,https://www.reddit.com/r/ShitLiberalsSay/comments/it2tgn/blaming_black_people_for_climate_change_is/g5bxna7/,transcriber_mu,"*Image Transcription: YouTube Comment*

---

*Shadow Croix*:

Too bad we're all going to die thanks to BLM getting Donald Trump re-elected at such a crucial time to turn around climate change. Now we're just going to end up another Venus.

[*This comment has 2 likes.*]

---

^^I'm&amp;#32;a&amp;#32;human&amp;#32;volunteer&amp;#32;content&amp;#32;transcriber&amp;#32;for&amp;#32;Reddit&amp;#32;and&amp;#32;you&amp;#32;could&amp;#32;be&amp;#32;too!&amp;#32;[If&amp;#32;you'd&amp;#32;like&amp;#32;more&amp;#32;information&amp;#32;on&amp;#32;what&amp;#32;we&amp;#32;do&amp;#32;and&amp;#32;why&amp;#32;we&amp;#32;do&amp;#32;it,&amp;#32;click&amp;#32;here!](https://www.reddit.com/r/TranscribersOfReddit/wiki/index)",-0.508
g5bzmye,https://www.reddit.com/r/ShitLiberalsSay/comments/it2tgn/blaming_black_people_for_climate_change_is/g5bzmye/,[deleted],[removed],0.0
g5cl8yi,https://www.reddit.com/r/ShitLiberalsSay/comments/it2tgn/blaming_black_people_for_climate_change_is/g5cl8yi/,ssjtito,"hey now, they say there might be life on Venus, so that's a pretty optimistic outlook.",0.6969
g5cnwez,https://www.reddit.com/r/ShitLiberalsSay/comments/it2tgn/blaming_black_people_for_climate_change_is/g5cnwez/,Anakin_I_Am_High,Darn black people wanting equality! You’re helping trump!,0.4184
g5d1cyp,https://www.reddit.com/r/ShitLiberalsSay/comments/it2tgn/blaming_black_people_for_climate_change_is/g5d1cyp/,Victoriaaaaaa1,Those are called “eco-fascists”,0.0
g5d50gw,https://www.reddit.com/r/ShitLiberalsSay/comments/it2tgn/blaming_black_people_for_climate_change_is/g5d50gw/,CCCommunist,Imagine thinking Biden will do absolute jack shit about climate-change.,-0.5574
g5dkqgk,https://www.reddit.com/r/ShitLiberalsSay/comments/it2tgn/blaming_black_people_for_climate_change_is/g5dkqgk/,MurderSuicideNChill,"The green new deal is entirely insufficient to make an impact, and it's considered beyond the pale of acceptable policy. 

They won't even put ending fossil fuel subsidies on their platform, which is like less than the bare minimum, lol.",0.765
it2tgn,https://www.reddit.com/r/ShitLiberalsSay/comments/it2tgn/blaming_black_people_for_climate_change_is/,yuritopiaposadism,,0.0
