fru1ar6,https://www.reddit.com/r/AskTeenGirls/comments/gqp3ci/do_you_believe_it_is_reverse_racism_or_just_racism/fru1ar6/,AutoModerator,"Greetings! OP has flaired this post as **EVERYONE**.  As per **rule 12** anyone can comment when a post is tagged as **EVERYONE**. 

Additionally, if you would like to continue discussion, please join the community discord at http://discord.gg/dBMqSdh 


*I am a bot, and this action was performed automatically. Please [contact the moderators of this subreddit](/message/compose/?to=/r/AskTeenGirls) if you have any questions or concerns.*",0.8268
fru1cgq,https://www.reddit.com/r/AskTeenGirls/comments/gqp3ci/do_you_believe_it_is_reverse_racism_or_just_racism/fru1cgq/,cvd26,just racism,-0.6249
fru1mc6,https://www.reddit.com/r/AskTeenGirls/comments/gqp3ci/do_you_believe_it_is_reverse_racism_or_just_racism/fru1mc6/,Xx420OKBOOMER69xX,If you say racist things you’re racist no matter who you are,-0.8432
fru1uoh,https://www.reddit.com/r/AskTeenGirls/comments/gqp3ci/do_you_believe_it_is_reverse_racism_or_just_racism/fru1uoh/,shredded101,It's nust racism.,-0.6249
fru2ilh,https://www.reddit.com/r/AskTeenGirls/comments/gqp3ci/do_you_believe_it_is_reverse_racism_or_just_racism/fru2ilh/,CrazyQueen502,It's just racism,-0.6249
fru4j2p,https://www.reddit.com/r/AskTeenGirls/comments/gqp3ci/do_you_believe_it_is_reverse_racism_or_just_racism/fru4j2p/,weeniethotjunior,Just racism sir,-0.6249
frua8k8,https://www.reddit.com/r/AskTeenGirls/comments/gqp3ci/do_you_believe_it_is_reverse_racism_or_just_racism/frua8k8/,maddysaccount,There is no such thing as reverse racism. It is just racism.,-0.886
fruaeg3,https://www.reddit.com/r/AskTeenGirls/comments/gqp3ci/do_you_believe_it_is_reverse_racism_or_just_racism/fruaeg3/,3n3so35,What is reverse racism supposed to be?,-0.6249
frud19q,https://www.reddit.com/r/AskTeenGirls/comments/gqp3ci/do_you_believe_it_is_reverse_racism_or_just_racism/frud19q/,Uniquer_name,Racism,-0.6249
fruioxm,https://www.reddit.com/r/AskTeenGirls/comments/gqp3ci/do_you_believe_it_is_reverse_racism_or_just_racism/fruioxm/,pizzaspider,What is reverse racism supposed to be?,-0.6249
frujkf0,https://www.reddit.com/r/AskTeenGirls/comments/gqp3ci/do_you_believe_it_is_reverse_racism_or_just_racism/frujkf0/,Darth_Thor,Racism is racism. You can’t just call it something else and treat it differently.,-0.7579
fruqltt,https://www.reddit.com/r/AskTeenGirls/comments/gqp3ci/do_you_believe_it_is_reverse_racism_or_just_racism/fruqltt/,trebeju,"Some people call ""reverse racism"" racism against white people.",-0.8481
frurfdn,https://www.reddit.com/r/AskTeenGirls/comments/gqp3ci/do_you_believe_it_is_reverse_racism_or_just_racism/frurfdn/,Basically_Life_Shit,Racism towards white people but because it’s towards white people it’s supposed to be fine and make up for all the awful shit we done in the past,-0.882
frv23dh,https://www.reddit.com/r/AskTeenGirls/comments/gqp3ci/do_you_believe_it_is_reverse_racism_or_just_racism/frv23dh/,Emma-the-lesbian,"Racism is racism, no matter who it's coming from.",-0.8509
frvbgfs,https://www.reddit.com/r/AskTeenGirls/comments/gqp3ci/do_you_believe_it_is_reverse_racism_or_just_racism/frvbgfs/,akd-kend,"Racism against white people, since white people have been the most historically racist so people think it’s fine to turn it against them. They try to justify it with the term “reverse racism” and try to make it sound like they’re doing the “opposite” of racism even though it’s the same",-0.8801
frvd03f,https://www.reddit.com/r/AskTeenGirls/comments/gqp3ci/do_you_believe_it_is_reverse_racism_or_just_racism/frvd03f/,pizzaspider,Racism is racism no matter what race is discriminating against what race,-0.8509
frvpqtv,https://www.reddit.com/r/AskTeenGirls/comments/gqp3ci/do_you_believe_it_is_reverse_racism_or_just_racism/frvpqtv/,TheSinger_Z,"Just racism, you’re putting down someone based on their ethnicity.",-0.6249
frwv4eg,https://www.reddit.com/r/AskTeenGirls/comments/gqp3ci/do_you_believe_it_is_reverse_racism_or_just_racism/frwv4eg/,Dimentive,Racism. Anyone who thinks otherwise is a complete moron.,-0.8074
frxd3s4,https://www.reddit.com/r/AskTeenGirls/comments/gqp3ci/do_you_believe_it_is_reverse_racism_or_just_racism/frxd3s4/,dumb_whore_,it’s just racism,-0.6249
fs2dx51,https://www.reddit.com/r/AskTeenGirls/comments/gqp3ci/do_you_believe_it_is_reverse_racism_or_just_racism/fs2dx51/,heatherchandler_,"Just racism,reverse racism is for clowns.Racism is racism, doesn't matter what  skin colour/race/culture",-0.8509
gqp3ci,https://www.reddit.com/r/AskTeenGirls/comments/gqp3ci/do_you_believe_it_is_reverse_racism_or_just_racism/,OkayFatty66,,0.0
