g0kxm4t,https://www.reddit.com/r/HillaryForPrison/comments/i4tskq/joe_biden_suggests_all_black_people_think_the/g0kxm4t/,CartophorustheGreat,Saw this earlier. Who is in such a haze that they would vote for this fraud?,-0.6705
g0laq1c,https://www.reddit.com/r/HillaryForPrison/comments/i4tskq/joe_biden_suggests_all_black_people_think_the/g0laq1c/,kapow,Joe you dunn beed sewed up dem black votes now dawg.,0.0
g0lb2qc,https://www.reddit.com/r/HillaryForPrison/comments/i4tskq/joe_biden_suggests_all_black_people_think_the/g0lb2qc/,PChE1,"Oh that sniffin' sleepy Joe, what're we gonna do with him?  Such a lovable rascal, huh?  

And pay no attention to the people who have to lead him around.  And pay no attention to his inability to put keep things straight as he speaks.

It's as if the Babylon Bee invented sleepy Joe.  You have to see him to believe it.",-0.3313
g0lc2d5,https://www.reddit.com/r/HillaryForPrison/comments/i4tskq/joe_biden_suggests_all_black_people_think_the/g0lc2d5/,[deleted],[deleted],0.0
g0lk87u,https://www.reddit.com/r/HillaryForPrison/comments/i4tskq/joe_biden_suggests_all_black_people_think_the/g0lk87u/,greg_jenningz,It’s crazy to think more of the black vote will go to Biden after all the shit he’s said. While Trump has actually done something for the black community and provided them with jobs and money.,0.3818
g0lk93k,https://www.reddit.com/r/HillaryForPrison/comments/i4tskq/joe_biden_suggests_all_black_people_think_the/g0lk93k/,[deleted],[removed],0.0
g0lkadg,https://www.reddit.com/r/HillaryForPrison/comments/i4tskq/joe_biden_suggests_all_black_people_think_the/g0lkadg/,panxerox,Is... is he working for the GOP?   At this point everything he says or does works against him.,0.0
g0lkv9v,https://www.reddit.com/r/HillaryForPrison/comments/i4tskq/joe_biden_suggests_all_black_people_think_the/g0lkv9v/,CartophorustheGreat,It’s bs. Sad so many people are so ignorant,-0.7042
g0lmsuv,https://www.reddit.com/r/HillaryForPrison/comments/i4tskq/joe_biden_suggests_all_black_people_think_the/g0lmsuv/,Thats_Cool_bro,What has trump done?,0.0
g0lnmim,https://www.reddit.com/r/HillaryForPrison/comments/i4tskq/joe_biden_suggests_all_black_people_think_the/g0lnmim/,Tantalus4200,That's why it's 24/7 anti trump. They can't get people to vote for Biden on his agenda,-0.3182
g0lnnik,https://www.reddit.com/r/HillaryForPrison/comments/i4tskq/joe_biden_suggests_all_black_people_think_the/g0lnnik/,[deleted],[removed],0.0
g0lq92j,https://www.reddit.com/r/HillaryForPrison/comments/i4tskq/joe_biden_suggests_all_black_people_think_the/g0lq92j/,greg_jenningz,Did you not read what I said? He’s provided the black community more jobs than ever and gave them the lowest unemployment ever. The economy was booming(pre-covid) and a lot of people were making good money.,-0.3818
g0lqn79,https://www.reddit.com/r/HillaryForPrison/comments/i4tskq/joe_biden_suggests_all_black_people_think_the/g0lqn79/,Thats_Cool_bro,Lol pre COVID. Yes everything was much better before the whole ship sank,0.8126
g0lzkm1,https://www.reddit.com/r/HillaryForPrison/comments/i4tskq/joe_biden_suggests_all_black_people_think_the/g0lzkm1/,The_Parsee_Man,I think the Democratic party sees Trump as a dare to find candidates capable of losing to him.,0.4019
g0m8eb6,https://www.reddit.com/r/HillaryForPrison/comments/i4tskq/joe_biden_suggests_all_black_people_think_the/g0m8eb6/,housecalls247,You are giving the brainwashed masses far too much credit,0.6124
g0m9a1j,https://www.reddit.com/r/HillaryForPrison/comments/i4tskq/joe_biden_suggests_all_black_people_think_the/g0m9a1j/,EllimistsDream,That's why they are keeping him from interviews with actual questions. And now trying to get him out of debates.,0.0
g0n268x,https://www.reddit.com/r/HillaryForPrison/comments/i4tskq/joe_biden_suggests_all_black_people_think_the/g0n268x/,ip_address_freely,Plot twist: he doesn’t want to win,0.6249
g0n9aq5,https://www.reddit.com/r/HillaryForPrison/comments/i4tskq/joe_biden_suggests_all_black_people_think_the/g0n9aq5/,guarded_heart,And uneducated apparently.,0.0
g0o08ab,https://www.reddit.com/r/HillaryForPrison/comments/i4tskq/joe_biden_suggests_all_black_people_think_the/g0o08ab/,Ulrich20,"And which country had a virus leak from a lab? Notice how you ignored the low unemployment rates for 3 years but the moment a crisis caused by another country happens, you point to the rates. Literally exactly like the DOW Jones spikes/dips, so damn predictable",-0.9183
g0peluh,https://www.reddit.com/r/HillaryForPrison/comments/i4tskq/joe_biden_suggests_all_black_people_think_the/g0peluh/,Thats_Cool_bro,Virus leak from a lab... there is that none fact based assertions most trump supporters claim. Nice try bud,0.5542
i4tskq,https://www.reddit.com/r/HillaryForPrison/comments/i4tskq/joe_biden_suggests_all_black_people_think_the/,harrytruman90,,0.0
