1379238868298428420,https://twitter.com/lynnbyrd25/status/1379238868298428420,lynnbyrd25,@TheTodayShow @9NewsAUS @piersmorgan @GMB @apiotrowski9 Nobody care about pier Morgan in America. Man leave this lady along .,0.4588
1384344078364598272,https://twitter.com/jay11612690/status/1384344078364598272,jay11612690,@lynnbyrd25 @TheTodayShow @9NewsAUS @piersmorgan @GMB @apiotrowski9 He‚Äôd drop u,-0.2732
1379903267837108225,https://twitter.com/NellaMI5/status/1379903267837108225,NellaMI5,@TheTodayShow @piersmorgan @GMB @apiotrowski9 PM has form for harassing women - üò° https://t.co/UNDpREn83U,-0.5423
1379907604973973504,https://twitter.com/NellaMI5/status/1379907604973973504,NellaMI5,"@TheTodayShow @piersmorgan @GMB @apiotrowski9 Trying it on once again - this bottom feeder appears to hate self made, confident women. https://t.co/OWjtmp3IEt",-0.128
1379173115960381442,https://twitter.com/TheTodayShow/status/1379173115960381442,TheTodayShow,"#BREAKING @piersmorgan has doubled down on his criticism of Meghan Markle in his first major television interview since leaving @GMB.  \n\nStay tuned to TODAY for the latest updates from @apiotrowski9, who's following the bombshell interview currently airing in the States. #9Today https://t.co/bhduVJyQxo",-0.4404
1369734816439144448,https://twitter.com/meghanpedia/status/1369734816439144448,meghanpedia,"üö® listen to this clip. Valentine low admits he knew that Meghan ‚Äúwas in distress in the summer of 2019, and is aware of her conversation with the head of HR‚Äù. The palaces leak everything, and they certainly knew what was going on BTS. #OprahMeghanHarry \nhttps://t.co/8YlFw3UiCJ",-0.5106
1379233945007452160,https://twitter.com/conDana16/status/1379233945007452160,conDana16,"@TheTodayShow @piersmorgan @GMB @apiotrowski9 You can't make accusations on national TV without evidence to back it up. M said she talked to an HR person when she had suicidal thoughts. Who is the HR person? Prove! She lied about a lot of things. You tell one lie, you lose the trust of the public.",-0.7032
1379902144539619329,https://twitter.com/NellaMI5/status/1379902144539619329,NellaMI5,"@conDana16 @TheTodayShow @piersmorgan @GMB @apiotrowski9 Valentine Low (RüêÄ) admits he knew that Meghan ‚Äúwas in distress in the summer of 2019, and is aware of her conversation with the head of HR‚Äù. The palaces leak everything, and they certainly knew what was going on BTS. https://t.co/YUfPqSzS8v",-0.5106
1379317565793697797,https://twitter.com/AndyD_UK/status/1379317565793697797,AndyD_UK,@Hilliebabes @TheTodayShow @piersmorgan @GMB @apiotrowski9 Thank you for your deranged nonsense of a response,-0.0516
1379579627220307973,https://twitter.com/SimoneR25274741/status/1379579627220307973,SimoneR25274741,@AndyD_UK @Hilliebabes @TheTodayShow @piersmorgan @GMB @apiotrowski9 What's deranged about her response..she us speaking the truth. Megan put herself on show with ophra no-one forced her to do this interview in which she consistently lied. Stop making excuses for her DESPICABLE behaviour.!!,-0.7256
1379210269155528704,https://twitter.com/NannyDeb79/status/1379210269155528704,NannyDeb79,@TheTodayShow @SiggyStardust80 @piersmorgan @GMB @apiotrowski9 I‚Äôm American and I‚Äôm on the side of #PiersMorgan I think the majority of us are,0.0
1379570899192516613,https://twitter.com/KarenSoucy4/status/1379570899192516613,KarenSoucy4,@NannyDeb79 @TheTodayShow @SiggyStardust80 @piersmorgan @GMB @apiotrowski9 Speak only for yourself!!!! You cannot ‚Äúget into‚Äù anyone else‚Äôs head to know that!!!,0.0
1379237514502828034,https://twitter.com/REM06838005/status/1379237514502828034,REM06838005,"@TheTodayShow @9NewsAUS @piersmorgan @GMB @apiotrowski9 Why are we giving this white privileged loud mouth any oxygen?\n\nJust so happens he is launching a new book, how convenient for him to get all this attention!",0.68
1379565895182340102,https://twitter.com/NicolaKingshot/status/1379565895182340102,NicolaKingshot,@REM06838005 @TheTodayShow @9NewsAUS @piersmorgan @GMB @apiotrowski9 The book came out last October so I doubt that.. get your facts straight üôÑ,-0.2212
1379247716203593731,https://twitter.com/AussiewitchT/status/1379247716203593731,AussiewitchT,@TheTodayShow @9NewsAUS @piersmorgan @GMB @apiotrowski9 Omg why don‚Äôt you nasty people including Piers Morgan....leave the duchess alone...what‚Äôs it to you!  Did she do something to you or your family...NO!  You don‚Äôt even know her....What is wrong with you,-0.8065
1379565471855484928,https://twitter.com/NicolaKingshot/status/1379565471855484928,NicolaKingshot,@AussiewitchT @TheTodayShow @9NewsAUS @piersmorgan @GMB @apiotrowski9 She has caused a lot of unease in our RF.. how dare she.. we are British and stand with our Queen. she doesn‚Äôt deserve the title of duchess.she is not a working royal.. she should just sod off and have her private life with her family..but nope..she wants to stay in the limelight,-0.4019
1379351302396854274,https://twitter.com/DanniJavaid94/status/1379351302396854274,DanniJavaid94,@TheTodayShow @piersmorgan @GMB @apiotrowski9 Why are so many QWHITE people talking about Meghan and Harry. Not a black American in sight. Is this the bully black people everyday show? Because this actually knocks me sick!,-0.7777
1379564565604806657,https://twitter.com/NicolaKingshot/status/1379564565604806657,NicolaKingshot,@DanniJavaid94 @TheTodayShow @piersmorgan @GMB @apiotrowski9 What has skin colour got to do with it..? Are you racist?,-0.6553
1379564038842159108,https://twitter.com/NicolaKingshot/status/1379564038842159108,NicolaKingshot,@PiquantToday @TheTodayShow @piersmorgan @GMB @apiotrowski9 His book has been out since last year üôÑ,0.0
1379425210122690565,https://twitter.com/Trishamac07/status/1379425210122690565,Trishamac07,@Hilliebabes @DanniJavaid94 @TheTodayShow @piersmorgan @GMB @apiotrowski9 He also hacked into the phone of a murdered 15 year old girl and denied it. Now THATS an evil manipulative liar!,-0.9583
1379563726785933312,https://twitter.com/NicolaKingshot/status/1379563726785933312,NicolaKingshot,@Trishamac07 @Hilliebabes @DanniJavaid94 @TheTodayShow @piersmorgan @GMB @apiotrowski9 Check your facts.. he didn‚Äôt do it.. another journo on the paper did.. do your research,0.0
1379196727362646023,https://twitter.com/garryn21/status/1379196727362646023,garryn21,"@TheTodayShow @piersmorgan @GMB @apiotrowski9 I think Piers will be treated and be seen as the Trump of this situation. No matter how right he may be, Americans will defend Megan no matter how wrong she is.",-0.502
1379560575458414595,https://twitter.com/BurkeanMama/status/1379560575458414595,BurkeanMama,"@garryn21 @TheTodayShow @piersmorgan @GMB @apiotrowski9 the American media is completely left wing and believes Meghan because of it, the American people actually don't care",-0.3875
1379559659250413568,https://twitter.com/BurkeanMama/status/1379559659250413568,BurkeanMama,@TheTodayShow @piersmorgan @GMB @apiotrowski9 Piers Morgan has doubled down on telling the truth and pointing out lies.  FIFY,-0.128
1379347462675001350,https://twitter.com/LadyDelishOz/status/1379347462675001350,LadyDelishOz,@TheTodayShow @piersmorgan @GMB @apiotrowski9 Well done Piers!üëèüëèüëè\nNote to blonde in LA- Piers latest book has been published since Oct 2020 &amp; again went to the top of amazons best seller list 3 WEEKS AGO!,0.8217
1379548059131076608,https://twitter.com/Sarah198412/status/1379548059131076608,Sarah198412,@LadyDelishOz @TheTodayShow @piersmorgan @GMB @apiotrowski9 üëèüèª,0.0
1379545470083682304,https://twitter.com/tomasharold1/status/1379545470083682304,tomasharold1,@NannyDeb79 @TheTodayShow @SiggyStardust80 @piersmorgan @GMB @apiotrowski9 Most people in the UK hate him. You‚Äôre welcome to him,-0.1779
1379504708335833094,https://twitter.com/salty_duchess/status/1379504708335833094,salty_duchess,"@AndyD_UK @summer62boomer @TheTodayShow @piersmorgan @GMB @apiotrowski9 No, she wore inflating and deflating moonbumps last time. The Oprah crew spotted the moonbumps and she forced the crew to sign NDA‚Äôs https://t.co/lpU3zfMd0k",-0.4588
1379538359517863940,https://twitter.com/AndyD_UK/status/1379538359517863940,AndyD_UK,@salty_duchess @summer62boomer @TheTodayShow @piersmorgan @GMB @apiotrowski9 üòÇüòÇüòÇüòÇüòÇ,0.926
1379525904024567809,https://twitter.com/RGryffind/status/1379525904024567809,RGryffind,"@TheTodayShow @piersmorgan @GMB @apiotrowski9 Piers is right.\nMeghan is an obvious sociopath, just like the one I dated. https://t.co/WVbBg7rNii",0.3612
1379220248243568640,https://twitter.com/chemu1819/status/1379220248243568640,chemu1819,@MeganBoland23 @TheTodayShow @piersmorgan @GMB @apiotrowski9 They had a ceremony. As far as they‚Äôre concerned that was ‚Äòtheir wedding‚Äô so no lie.,-0.4341
1379524025970352129,https://twitter.com/nyx200/status/1379524025970352129,nyx200,"@chemu1819 @MeganBoland23 @TheTodayShow @piersmorgan @GMB @apiotrowski9 ""Just the three of us"" she said. The archbishop denied marrying them ahead. Then she changed it to vows. Markle also 2 other proven lies in that interview, &amp; who knows how many yet to be proven.",-0.6908
1379523350733668355,https://twitter.com/Nikkichosen21/status/1379523350733668355,Nikkichosen21,@TheTodayShow @piersmorgan @GMB @apiotrowski9 @piersmorgan,0.0
1379520767617024011,https://twitter.com/tgdavies99/status/1379520767617024011,tgdavies99,"@TheTodayShow @piersmorgan @GMB @apiotrowski9 And by the way, your interview with Lady Colin Campbell was disgraceful! The hosts were ridiculously rude, acting as if they didn‚Äôt ask her for the interview. Do better-and quit slamming Piers he is so right on.",-0.69
1379520329677168640,https://twitter.com/tgdavies99/status/1379520329677168640,tgdavies99,"@TheTodayShow @piersmorgan @GMB @apiotrowski9 That interview was absolutely inspiring! Never should we be casual about our freedom of speech being taken away. We are ALL entitled to an opinion and to not be‚Äùcancelled‚Äù because we disagree with someone. Piers is 100% correct, we dismiss ‚Äúwokeness‚Äù!",0.8472
1379317022958485504,https://twitter.com/AndyD_UK/status/1379317022958485504,AndyD_UK,@summer62boomer @TheTodayShow @piersmorgan @GMB @apiotrowski9 She‚Äôs not pregnant üòÇüòÇüòÇ,0.8271
1379504807904481288,https://twitter.com/salty_duchess/status/1379504807904481288,salty_duchess,@AndyD_UK @summer62boomer @TheTodayShow @piersmorgan @GMB @apiotrowski9 She uses her best friend @brynnCNN youngest child Gavin for photo ops https://t.co/ibT8zBWoJx,0.8126
1379489554281984003,https://twitter.com/jonnybwfc92/status/1379489554281984003,jonnybwfc92,@garryn21 @TheTodayShow @piersmorgan @GMB @apiotrowski9 You have proof she‚Äôs wrong???,-0.5632
1379402316206370818,https://twitter.com/2015Lucyboo/status/1379402316206370818,2015Lucyboo,@NannyDeb79 @Katathenty @TheTodayShow @piersmorgan @GMB @apiotrowski9 Lol regardless he is currently unemployed,0.4215
1379479693150330880,https://twitter.com/Katathenty/status/1379479693150330880,Katathenty,@2015Lucyboo @NannyDeb79 @piersmorgan Actually he isn‚Äôt. He is still employed by ITV doing Life Stories and he writes for the Daily Mail.,0.0
1379468315270262786,https://twitter.com/AndyD_UK/status/1379468315270262786,AndyD_UK,"@Lisareth3 @TheTodayShow @piersmorgan @GMB @apiotrowski9 I love it, you've changed my mind üòÇüòÇüòÇüòÇüòÇüòÇ",0.9666
1379470301654814724,https://twitter.com/Lisareth3/status/1379470301654814724,Lisareth3,@AndyD_UK @TheTodayShow @piersmorgan @GMB @apiotrowski9 You are very much welcome üòÖüòÅ,0.8419
1379190791499784193,https://twitter.com/tonymdolan/status/1379190791499784193,tonymdolan,@TheTodayShow @piersmorgan @GMB @apiotrowski9 Piers Morgan &amp; Tucker Carlson together. Probably complaining how they are ‚Äòsilenced‚Äô while chatting on global television. üôÑ,-0.2023
1379468770675097600,https://twitter.com/RestDollfaceJMT/status/1379468770675097600,RestDollfaceJMT,"@tonymdolan @TheTodayShow @piersmorgan @GMB @apiotrowski9 It was so beautiful, it made me breakout my VCR &amp; I taped it to watch it over &amp; over again how they are practicing #FreedomOfSpeech against a 40 yo #Fascist &amp; D-list social climber. #MeghanIsABully",0.3381
1379468335692144645,https://twitter.com/RestDollfaceJMT/status/1379468335692144645,RestDollfaceJMT,@TheTodayShow @piersmorgan @GMB @apiotrowski9 As an #American üá∫üá∏ #IStandWithPiersMorgan. #MeghanAndHarry calling @ITV &amp; OfferCom threatening legal action over #PiersMorgan is #Fascism. It‚Äôs a violation of #FreedomOfSpeech &amp; #FreedomOfThePress. #MeghanIsABully,-0.7269
1379308080836513794,https://twitter.com/Lisareth3/status/1379308080836513794,Lisareth3,@AndyD_UK @TheTodayShow @piersmorgan @GMB @apiotrowski9 Heavily pregnant lady attacks husband's family with lies specting not to be hold accountable because She's heavily pregnant üòÖ,-0.4939
1379464106944704514,https://twitter.com/samsusu6/status/1379464106944704514,samsusu6,@TheTodayShow @piersmorgan @GMB @apiotrowski9 https://t.co/aKtP7Tht0w,0.0
1379464349815820291,https://twitter.com/samsusu6/status/1379464349815820291,samsusu6,@TheTodayShow @piersmorgan @GMB @apiotrowski9 This what people need to see this man is bullying a woman cuz she didn‚Äôt want him,-0.5574
1369263371799982082,https://twitter.com/RodRyan13/status/1369263371799982082,RodRyan13,@ShutterLenz @GMB This is the same piers who said this \n\n https://t.co/qg05FulhBO,0.0
1379452976528388104,https://twitter.com/MarshaBuchanan/status/1379452976528388104,MarshaBuchanan,@TheTodayShow @piersmorgan @GMB @apiotrowski9 Morgan doesn‚Äôt put up with a whining rich prince and American ‚Äúactress‚Äù wife. Pierce is a strong willed man that won‚Äôt back down from false allegations or lies. H &amp; M have crossed the line of back stabbing the family. Shame on them. These people are not racist.,0.5139
1379344246256242688,https://twitter.com/chemu1819/status/1379344246256242688,chemu1819,@MeganBoland23 @TheTodayShow @piersmorgan @GMB @apiotrowski9 We still don‚Äôt know tho do we? Church won‚Äôt actually comment.,0.0
1379438367235051523,https://twitter.com/max70239571/status/1379438367235051523,max70239571,@chemu1819 @MeganBoland23 @TheTodayShow @piersmorgan @GMB @apiotrowski9 The Archbishop of Canterbury had spoken. He said there was one wedding and the date is on their wedding certificate. Google the Archbishop. It‚Äôs been all over media.,0.0
1379432092438700032,https://twitter.com/ladypuankarre/status/1379432092438700032,ladypuankarre,@TheTodayShow @piersmorgan @GMB @apiotrowski9 Agree with Piers Morgan üëèüëèüëè,0.3612
1379397737402236929,https://twitter.com/MattCarter86/status/1379397737402236929,MattCarter86,"@Yankee149307550 @CG06syd The book purely is down to freedom of speech, cancel culture and any other issues he wishes to talk about. It isn‚Äôt about Harry and Meghan and the sales increased purely because people agree that you should be allowed a view.",0.8255
1379427786780119043,https://twitter.com/Yankee149307550/status/1379427786780119043,Yankee149307550,@MattCarter86 @CG06syd Irony!,-0.126
1379418629398269954,https://twitter.com/Hilliebabes/status/1379418629398269954,Hilliebabes,@AndyD_UK @DeniseDoris59 @TheTodayShow @piersmorgan @GMB @apiotrowski9 You are ridiculous and not worth any more of my time...bye,-0.4881
1379427204774338563,https://twitter.com/AndyD_UK/status/1379427204774338563,AndyD_UK,@Hilliebabes @DeniseDoris59 @TheTodayShow @piersmorgan @GMB @apiotrowski9 Thank God for that\n\nBye Karen x,0.5574
1379207863722196993,https://twitter.com/Hilliebabes/status/1379207863722196993,Hilliebabes,@DanniJavaid94 @TheTodayShow @piersmorgan @GMB @apiotrowski9 Piers is a British subject and he is defending his Queen and country against an evil manipulative liar!,-0.8398
1379418279165444102,https://twitter.com/AndyD_UK/status/1379418279165444102,AndyD_UK,"@Hilliebabes @DeniseDoris59 @TheTodayShow @piersmorgan @GMB @apiotrowski9 I'm UK, what about you?\n\nIf you get your news from the Mail you're pretty much supporting hate",0.34
1379417605245652992,https://twitter.com/Hilliebabes/status/1379417605245652992,Hilliebabes,"@AndyD_UK @DeniseDoris59 @TheTodayShow @piersmorgan @GMB @apiotrowski9 Where do you live, you don't sound up to date with what is going on with the Mail...",0.0
1379405579844788224,https://twitter.com/AndyD_UK/status/1379405579844788224,AndyD_UK,@DeniseDoris59 @Hilliebabes @TheTodayShow @piersmorgan @GMB @apiotrowski9 The Mail has been ordered by a court to make a front page apology to Meghan\n\nYou wouldn't have read that in your Mail of course x,0.0516
1379407411321188354,https://twitter.com/IfeomaDr/status/1379407411321188354,IfeomaDr,"@EdmondsonSandra @TheTodayShow @piersmorgan @GMB @apiotrowski9 He behaved unprofessionally. I disagree that Piers couldn‚Äôt say anything back because he has in the past been able to challenge anyone black, brown or purple without consequence. He was hurt because it was a member of his team that challenged him and he said as much.",-0.7269
1379406032045277190,https://twitter.com/AndyD_UK/status/1379406032045277190,AndyD_UK,@DeniseDoris59 @TheTodayShow @piersmorgan @GMB @apiotrowski9 The Daily Mail is scum\n\nAs is Piers Morgan\n\nBut I'm happy to read/watch something else that is not  toxic x,0.5719
1379404849599684608,https://twitter.com/Hilliebabes/status/1379404849599684608,Hilliebabes,@AndyD_UK @DeniseDoris59 @TheTodayShow @piersmorgan @GMB @apiotrowski9 I'm waiting for Harry and Meghan's apology for enticing hate and divisions by their lies,-0.743
1379405289783443457,https://twitter.com/AndyD_UK/status/1379405289783443457,AndyD_UK,"@Hilliebabes @DeniseDoris59 @TheTodayShow @piersmorgan @GMB @apiotrowski9 üòÇüòÇüòÇüòÇüòÇüòÇüòÇüòÇüòÇüòÇüòÇüòÇ\nGood one, i like it!!!",0.9853
1379401818166411264,https://twitter.com/AndyD_UK/status/1379401818166411264,AndyD_UK,@DeniseDoris59 @Hilliebabes @TheTodayShow @piersmorgan @GMB @apiotrowski9 Thanks x \n\nI‚Äôm looking forward to the Mails front page apology - are you ?,0.4767
1379211500800380929,https://twitter.com/NannyDeb79/status/1379211500800380929,NannyDeb79,@2015Lucyboo @Katathenty @TheTodayShow @piersmorgan @GMB @apiotrowski9 I think #PiersMorgan  has been very successful without doting on Americans. Truthfully he‚Äôs more successful than most journalists,0.9019
1379399155282493444,https://twitter.com/damo88089510/status/1379399155282493444,damo88089510,@TheTodayShow @piersmorgan @GMB @apiotrowski9 Why do you give oxygen to this idiot,-0.596
1379393742763917314,https://twitter.com/Yankee149307550/status/1379393742763917314,Yankee149307550,"@MattCarter86 @CG06syd Has he not mentioned Meghan in his book. Due to being woke. Enlighten me! He has not been consistent. His views were different until she ghosted him. As he said he thought they were friends! The Mail is still on the shelf not because of it‚Äôs Journalism, might I add.üòÇü§£",0.9199
1379398018143809541,https://twitter.com/MattCarter86/status/1379398018143809541,MattCarter86,"@Yankee149307550 @CG06syd As for the mail, you really need to check the sales figures you may leave it but many still reading and buying it hence why they sell it and company‚Äôs pay to advertise in it",-0.1779
1379360937954660353,https://twitter.com/MattCarter86/status/1379360937954660353,MattCarter86,@Yankee149307550 @CG06syd His book sold more due to based on people are fed up of the cancel culture not because of Harry and Meghan. His views on them have remained constant. If people didn‚Äôt want to buy it then they‚Äôd be on the shelf üòÇ and many read daily mail hence sales figures,0.296
1379295922568318979,https://twitter.com/MeganBoland23/status/1379295922568318979,MeganBoland23,"@chemu1819 @TheTodayShow @piersmorgan @GMB @apiotrowski9 ""[But] you know, three days before our wedding, we got married. No-one knows that,"" Meghan told Oprah this week. End.",0.0
1379389349708623876,https://twitter.com/OllieSax/status/1379389349708623876,OllieSax,"@MeganBoland23 @chemu1819 @TheTodayShow @piersmorgan @GMB @apiotrowski9 There would be no legal union without the spectacle on Saturday. Regardless of what she chooses to believe, she was  'married' on Saturday",-0.0951
1379382157152452608,https://twitter.com/MeganBoland23/status/1379382157152452608,MeganBoland23,@chemu1819 @TheTodayShow @piersmorgan @GMB @apiotrowski9 Of course she is. https://t.co/7woCHDCYiq,0.0
1379389133353840641,https://twitter.com/chemu1819/status/1379389133353840641,chemu1819,@MeganBoland23 @TheTodayShow @piersmorgan @GMB @apiotrowski9 She is.,0.0
1379375060365021184,https://twitter.com/AndyD_UK/status/1379375060365021184,AndyD_UK,"@Hilliebabes @Theresa92911982 @TheTodayShow @piersmorgan @GMB @apiotrowski9 That‚Äôs simply not true \n\nAnd if it were, it doesn‚Äôt make it right \n\nShe was massively trashed by the British media and fucked off \n\nGood luck to them x \n\nI love how your obsessed with her ‚Äòlies‚Äô but don‚Äôt care about the lies told about them üòÇüòÇ",0.8475
1379388959210536960,https://twitter.com/Hilliebabes/status/1379388959210536960,Hilliebabes,@AndyD_UK @Theresa92911982 @TheTodayShow @piersmorgan @GMB @apiotrowski9 What lies have been told about her?,-0.4215
1379387709274345476,https://twitter.com/RogerMainworthy/status/1379387709274345476,RogerMainworthy,"@TheTodayShow @piersmorgan @GMB @apiotrowski9 Also, watch here where his ‚Äòwoke‚Äô arguments were dissected, &amp; he didn‚Äôt enjoy it one bit.\n\nhttps://t.co/S7zE1730Wm",0.128
1379312636609712131,https://twitter.com/chemu1819/status/1379312636609712131,chemu1819,@MeganBoland23 @TheTodayShow @piersmorgan @GMB @apiotrowski9 She‚Äôs still right.,0.0
1379369529764151296,https://twitter.com/Hilliebabes/status/1379369529764151296,Hilliebabes,@AndyD_UK @Theresa92911982 @TheTodayShow @piersmorgan @GMB @apiotrowski9 There was never any more attacks on Meghan Markle than any other Royal or celebrity. As for now...as long as she keeps herself in the limelight with lies and hypocrisy she will always be called out on it!,-0.1203
1379365196007931904,https://twitter.com/AndyD_UK/status/1379365196007931904,AndyD_UK,@Hilliebabes @Theresa92911982 @TheTodayShow @piersmorgan @GMB @apiotrowski9 The attacks against her started pretty much from day 1 \n\nThis is just a continuation,0.0772
1379365723450015744,https://twitter.com/busty01/status/1379365723450015744,busty01,"@GNi09 @chemu1819 @MeganBoland23 @TheTodayShow @piersmorgan @GMB @apiotrowski9 No you illiterate person, she said they have their personalised vows they wrote for each other framed and put up in their bedroom; she never said anything about a certificate",-0.296
1379364415015940097,https://twitter.com/Hilliebabes/status/1379364415015940097,Hilliebabes,"@AndyD_UK @Theresa92911982 @TheTodayShow @piersmorgan @GMB @apiotrowski9 There is no attack! People are not happy with all the hate, jealousy, lies and malicious misinformation MM spewed out bringing about death threats to Catherine and her children and disrespecting the Queen and the whole Realm of the United Kingdom.",-0.9407
1379363334114381825,https://twitter.com/AndyD_UK/status/1379363334114381825,AndyD_UK,@Hilliebabes @Theresa92911982 @TheTodayShow @piersmorgan @GMB @apiotrowski9 Again Your point is that it's ok to go on the attack against a pregnant woman\n\nI don't agree,-0.4606
1379309429904961536,https://twitter.com/pjk27779/status/1379309429904961536,pjk27779,@TheTodayShow @9NewsAUS @piersmorgan @GMB @apiotrowski9 Piers interviewed by Tucker Carlson on Fox. Softball interview on the most right wing platform in the US.\n\n#snowflake he is,0.0
1379363552037851136,https://twitter.com/ck76570442/status/1379363552037851136,ck76570442,@pjk27779 @TheTodayShow @9NewsAUS @piersmorgan @GMB @apiotrowski9 Much the same as the ophra interview then,0.0
1379362307998879744,https://twitter.com/Hilliebabes/status/1379362307998879744,Hilliebabes,@AndyD_UK @Theresa92911982 @TheTodayShow @piersmorgan @GMB @apiotrowski9 So it's okay for a 'pregnant' woman to lie to the entire world if that what she wants to do? That is what you are saying ü§™,0.2911
1379363133773520896,https://twitter.com/ck76570442/status/1379363133773520896,ck76570442,@lynnbyrd25 @TheTodayShow @9NewsAUS @piersmorgan @GMB @apiotrowski9 She needs to leave are royals alone stop telling ridiculous lies she is fake a fraud a user a nobody,-0.9393
1379362426035052544,https://twitter.com/ck76570442/status/1379362426035052544,ck76570442,@chemu1819 @MeganBoland23 @TheTodayShow @piersmorgan @GMB @apiotrowski9 How do you believe you were married at a practice run did the sign the register did the exchange rings what a pathetic way to try and defend the lying bint,-0.7964
1379354618220720128,https://twitter.com/AndyD_UK/status/1379354618220720128,AndyD_UK,@Theresa92911982 @TheTodayShow @piersmorgan @GMB @apiotrowski9 Your point is that it's ok to go on the attack against a pregnant woman\n\nI don't agree,-0.4606
1379361399772753921,https://twitter.com/ck76570442/status/1379361399772753921,ck76570442,@tonymdolan @TheTodayShow @piersmorgan @GMB @apiotrowski9 Some people just hate it when people won‚Äôt be cowed by the lefties good on Morgan and tucker I say,-0.2023
1379361282281852930,https://twitter.com/Hilliebabes/status/1379361282281852930,Hilliebabes,@AndyD_UK @TheTodayShow @piersmorgan @GMB @apiotrowski9 And which part do you think is deranged or untrue???,0.0
1379334504033161216,https://twitter.com/Yankee149307550/status/1379334504033161216,Yankee149307550,"@MattCarter86 @CG06syd Yes, since leaving the show, his book has sold more, on the back of Meghan once again, not because people wanted to buy it - out of curiosity. Who reads the Daily Fail these days? Once a year - Piers Life Stories. He says his ‚Äúunemployed‚ÄùGive it a week- Meghan mentioned.",-0.2023
1379189313167093760,https://twitter.com/IfeomaDr/status/1379189313167093760,IfeomaDr,"@TheTodayShow @piersmorgan @GMB @apiotrowski9 Morgan stormed off his own show when challenged on air about his hatred for Markle( this hatred is a constant, irrespective of whatever she would have said at the interview ) and after thousands of complaints from the public and disagreements with his employer, he left his job.",-0.9442
1379360765237411842,https://twitter.com/ck76570442/status/1379360765237411842,ck76570442,@IfeomaDr @TheTodayShow @piersmorgan @GMB @apiotrowski9 Most people actually agree with Morgan in this country we can see right through her. And we applaud him for calling out her vicious lies about our royals and our country.,0.1189
1379360216010031107,https://twitter.com/redswarrior91/status/1379360216010031107,redswarrior91,@TheTodayShow @piersmorgan @GMB @apiotrowski9 Correct criticism.,-0.4404
1379344452486000642,https://twitter.com/chemu1819/status/1379344452486000642,chemu1819,"@Briannaishere3 @MeganBoland23 @TheTodayShow @piersmorgan @GMB @apiotrowski9 Hey, they didn‚Äôt have to pay for it. They chose to, so sit the fek down.",-0.1027
1379359243845926912,https://twitter.com/Fiona365andmore/status/1379359243845926912,Fiona365andmore,@chemu1819 @Briannaishere3 @MeganBoland23 @TheTodayShow @piersmorgan @GMB @apiotrowski9 You‚Äôre nuts üòÇüòÇüòÇ,0.7506
1379202479481491458,https://twitter.com/2015Lucyboo/status/1379202479481491458,2015Lucyboo,@Katathenty @TheTodayShow @piersmorgan @GMB @apiotrowski9 Allie was on point... saying what a lot of people are thinking. Piers is finding out he needs the Americans for his book to be a success ü§£ü§£ü§£.,0.9231
1379358683570708482,https://twitter.com/Fiona365andmore/status/1379358683570708482,Fiona365andmore,@2015Lucyboo @Katathenty @TheTodayShow @piersmorgan @GMB @apiotrowski9 What garbage. Last month It was best seller in the UK üá¨üáß,0.6369
1379358014709379073,https://twitter.com/hammell_ann/status/1379358014709379073,hammell_ann,@TheTodayShow @piersmorgan @GMB @apiotrowski9 Yawn !,0.0
1379355913107177479,https://twitter.com/AndyD_UK/status/1379355913107177479,AndyD_UK,@Briannaishere3 @TheTodayShow @piersmorgan @GMB @apiotrowski9 You're obviously not open to the idea that the British media was against her almost from the off\n\nEnjoy your day winding yourself up üòÑ üòÇüòò x,0.8807
1379356666844569602,https://twitter.com/Briannaishere3/status/1379356666844569602,Briannaishere3,"@AndyD_UK @TheTodayShow @piersmorgan @GMB @apiotrowski9 No, I have work to do now &amp; offered to look into it later. Perhaps, you're not so open to to seeing M's poor character. Again, feel free to do your own research.",0.0516
1379355277032632322,https://twitter.com/AndyD_UK/status/1379355277032632322,AndyD_UK,"@Briannaishere3 @TheTodayShow @piersmorgan @GMB @apiotrowski9 ""C's (at 21) negative media coverage spanned 20-years &amp; extended to her family members""\n\nC being Catherine\n\ndidn't span 20 years",-0.5719
1379356102077390851,https://twitter.com/Briannaishere3/status/1379356102077390851,Briannaishere3,@AndyD_UK @TheTodayShow @piersmorgan @GMB @apiotrowski9 Thanks for the correction. Feel free to do your own research.,0.7351
1379355421748690945,https://twitter.com/AndyD_UK/status/1379355421748690945,AndyD_UK,@Briannaishere3 @TheTodayShow @piersmorgan @GMB @apiotrowski9 that's an hour long\n\nno thanks,0.4404
1379349545474228225,https://twitter.com/Briannaishere3/status/1379349545474228225,Briannaishere3,@AndyD_UK @TheTodayShow @piersmorgan @GMB @apiotrowski9 An overview of the media trashing of C - starting at 5:30. \nhttps://t.co/WGsrGEo86c,0.0
1379349488972742658,https://twitter.com/Briannaishere3/status/1379349488972742658,Briannaishere3,"@AndyD_UK @TheTodayShow @piersmorgan @GMB @apiotrowski9 C's (at 21) negative media coverage spanned 20-years &amp; extended to her family members. M (at 36) quit as a working member of RF after 18 mo. &amp; her family keeps telling the press abt her bad character. M calls the paparazzi, while C experienced paparazzi attacks in her daily life https://t.co/bN2drV7SrT",-0.8779
1379352569462538241,https://twitter.com/PieterVreugden1/status/1379352569462538241,PieterVreugden1,"@DanniJavaid94 @TheTodayShow @piersmorgan @GMB @apiotrowski9 Not a black American in sight .... so then Serena Williams, Beyonc√© Knowles and Oprah Winfrey aren't black any more.",0.0
1379349172881620992,https://twitter.com/Briannaishere3/status/1379349172881620992,Briannaishere3,@AndyD_UK @TheTodayShow @piersmorgan @GMB @apiotrowski9 I'll get back with you later when I have time to go through it all &amp; comment properly. I have seen the media in other countries try to bit sister in laws against each other.\nIn the meantime...,0.0
1379346228975177731,https://twitter.com/AndyD_UK/status/1379346228975177731,AndyD_UK,"@Briannaishere3 @TheTodayShow @piersmorgan @GMB @apiotrowski9 Very exciting, well done. Will watch \n\nWhat do you make of this ? \nhttps://t.co/BZOLQlAHqF",0.707
1379344760859717632,https://twitter.com/Briannaishere3/status/1379344760859717632,Briannaishere3,@AndyD_UK @TheTodayShow @piersmorgan @GMB @apiotrowski9 These videos are presented in a lighter format but are comprehensive &amp; cover the major lies H&amp;M told in the O interview.\n\n8 Lies Meghan Markle and Prince Harry Said On Oprah \nhttps://t.co/3j7yWlWZCk\n\n7 More Lies Meghan Markle and Prince Harry Said On Oprah https://t.co/c01lZWvyTj,-0.888
1379345543869001728,https://twitter.com/LadyDelishOz/status/1379345543869001728,LadyDelishOz,"@2015Lucyboo @Katathenty @TheTodayShow @piersmorgan @GMB @apiotrowski9 The book that has been out since Oct 2020 &amp; again topped amazons best seller list 3 WEEKS AGO? yeah, sure, that‚Äôs why he‚Äôs doing it...ü§£ü§£ü§£ü§£",0.9657
1379344752802340869,https://twitter.com/chemu1819/status/1379344752802340869,chemu1819,"@Briannaishere3 @MeganBoland23 @TheTodayShow @piersmorgan @GMB @apiotrowski9 Oh fuck me, just looked at your page.\nYou‚Äôre obsessed with them and make money out of it. \nSome would call you a ‚Äògrifter‚Äô.",-0.6369
1379345447756697600,https://twitter.com/Briannaishere3/status/1379345447756697600,Briannaishere3,@chemu1819 @MeganBoland23 @TheTodayShow @piersmorgan @GMB @apiotrowski9 I've provided supported information about a public figure that you don't like so you're making up lies about me and attacking me personally.,-0.6818
1379344321565065219,https://twitter.com/AndyD_UK/status/1379344321565065219,AndyD_UK,@Briannaishere3 @TheTodayShow @piersmorgan @GMB @apiotrowski9 Besides wedding what other ‚Äòlies‚Äô  were there do you think ?,0.0
1379343827597676544,https://twitter.com/Briannaishere3/status/1379343827597676544,Briannaishere3,"@chemu1819 @MeganBoland23 @TheTodayShow @piersmorgan @GMB @apiotrowski9 M lied about the wedding b/c she knows it looks bad that she fleeced the British taxpayer for ¬£33 million (more than W&amp;C wedding/same adjusted for inflation), when her plan all along was to exploit her title to advance her celebrity, political &amp; financial aspirations in the US.",-0.7579
1379344720850206723,https://twitter.com/Briannaishere3/status/1379344720850206723,Briannaishere3,"@AndyD_UK @TheTodayShow @piersmorgan @GMB @apiotrowski9 This article provides a good overview, although there have been updates since.\nhttps://t.co/EQFaOkSWHt",0.4404
1379344382290227202,https://twitter.com/Briannaishere3/status/1379344382290227202,Briannaishere3,"@chemu1819 @MeganBoland23 @TheTodayShow @piersmorgan @GMB @apiotrowski9 A marriage is a legal union w/ requirements, such as witnesses. It's illegal for the AB to marry H&amp;M twice. It was an informal ceremony/rehearsal. HMTQ is The Supreme Governor of the Church of England/titular head of the Church of England so using words correctly is important.",0.3182
1379342241374814208,https://twitter.com/Briannaishere3/status/1379342241374814208,Briannaishere3,"@AndyD_UK @TheTodayShow @piersmorgan @GMB @apiotrowski9 M scheduled the hit job interview, full of easily provable lies &amp; used to exert political pressure on HMTQ to retain/gain titles &amp; funded security, while she was heavily pregnant to better push their faux victim narrative. It was shown on Commonwealth Day for max. damage.",-0.3818
1379343281864183808,https://twitter.com/Briannaishere3/status/1379343281864183808,Briannaishere3,@AussiewitchT @TheTodayShow @9NewsAUS @piersmorgan @GMB @apiotrowski9 The H&amp;M O interview (hit job) was used as a way of exerting political pressure on HMTQ to retain/gain titles &amp; funded security. It was followed up w/ threats of leaking secrets &amp; extortion through their mouthpiece OS. It was a damaging attack on RF/UK. \nhttps://t.co/EQFaOkSWHt,-0.8402
1379189885878288388,https://twitter.com/AndyD_UK/status/1379189885878288388,AndyD_UK,@TheTodayShow @piersmorgan @GMB @apiotrowski9 Emboldened by Australian media obsessed fan launches series of attacks against heavily pregnant lady,-0.3182
1379341321530380294,https://twitter.com/MaggieT53983240/status/1379341321530380294,MaggieT53983240,@TheTodayShow @piersmorgan @GMB @apiotrowski9 Ho ALLI your a PLONKER,0.0
1379338377691021313,https://twitter.com/Dee51847018/status/1379338377691021313,Dee51847018,@TheTodayShow @piersmorgan @GMB @apiotrowski9 Go Piers,0.0
1371133520110886912,https://twitter.com/nowthisnews/status/1371133520110886912,nowthisnews,John Oliver accurately predicted the problems Meghan Markle would face within the royal family back in 2018 https://t.co/rjeBsqy8hn,-0.4019
1379337316787965955,https://twitter.com/DaveNew53742006/status/1379337316787965955,DaveNew53742006,@TheTodayShow @piersmorgan @GMB @apiotrowski9 https://t.co/4nbpaHjCAT,0.0
1379336799080869888,https://twitter.com/DaveNew53742006/status/1379336799080869888,DaveNew53742006,@TheTodayShow @piersmorgan @GMB @apiotrowski9 Hate campaign on Meghan will soon or later lead to something horrific happening to this couple. It's not wise for the US Gvt to wait until then. It will be too late.They can act now &amp; talk to the RF coz this is unbelievable propaganda never seen since the days of Joseph Goebbels,-0.8969
1379336635351990278,https://twitter.com/JaneMarmo/status/1379336635351990278,JaneMarmo,@TheTodayShow @piersmorgan @GMB @apiotrowski9 Can't wait,0.0
1379320015581757441,https://twitter.com/MattCarter86/status/1379320015581757441,MattCarter86,"@Yankee149307550 @CG06syd His book came out last year and since leaving the show sold record amounts in its own making before he even said go buy it. I do t think Meghan is carrying Piers here, plus he is still employed by ITV and the press.",0.0
1379330320684756994,https://twitter.com/Average53758444/status/1379330320684756994,Average53758444,@summer62boomer @AndyD_UK @TheTodayShow @piersmorgan @GMB @apiotrowski9 A sad sick c*** of the highest order.,-0.7506
1379332412778352645,https://twitter.com/AndyD_UK/status/1379332412778352645,AndyD_UK,@Average53758444 @summer62boomer @TheTodayShow @piersmorgan @GMB @apiotrowski9 Totally agree\n\nPiers Morgan is obsessed x,-0.1779
1379310361124425731,https://twitter.com/summer62boomer/status/1379310361124425731,summer62boomer,"@AndyD_UK @TheTodayShow @piersmorgan @GMB @apiotrowski9 Pssst...she‚Äôs NOT pregnant, just like last time. The woman is a liar only the foolish believe her without doing their own research on the pay4play yachter.",-0.7587
1379325102899232772,https://twitter.com/sophiya43957802/status/1379325102899232772,sophiya43957802,"@summer62boomer @AndyD_UK @TheTodayShow @piersmorgan @GMB @apiotrowski9 Hein , she‚Äôs not pregnant ü§∞you‚Äôre a terrible human being ü§íü§í",-0.4767
1379328163843608576,https://twitter.com/AndyD_UK/status/1379328163843608576,AndyD_UK,@sophiya43957802 @summer62boomer @TheTodayShow @piersmorgan @GMB @apiotrowski9 She is,0.0
1379327170900860929,https://twitter.com/SH4EU2019/status/1379327170900860929,SH4EU2019,@TheTodayShow @piersmorgan @GMB @apiotrowski9 Claiming you have the universal support of the British public is a lie in itself - you don't have my support over your behaviour towards Megan and Harry or your storming off because you didn't like having to answer to other's viewpoints,-0.17
1379325582534717442,https://twitter.com/sophiya43957802/status/1379325582534717442,sophiya43957802,"@NannyDeb79 @TheTodayShow @SiggyStardust80 @piersmorgan @GMB @apiotrowski9 With who, you‚Äôre alone üòäüòä",0.875
1379324738405724160,https://twitter.com/PPeabody21/status/1379324738405724160,PPeabody21,@TheTodayShow @piersmorgan @GMB @apiotrowski9 Dear @TheTodayShow is there any news re your director and any rape claims ?\nI‚Äôm sure I read somewhere about this.\nMaybe stop being so judgemental in your reports.,-0.4588
1379325339067801600,https://twitter.com/PPeabody21/status/1379325339067801600,PPeabody21,@TheTodayShow @piersmorgan @GMB @apiotrowski9 https://t.co/evxwwKbZN7,0.0
1379193990533115906,https://twitter.com/JustMeAndMilo/status/1379193990533115906,JustMeAndMilo,@AndyD_UK @TheTodayShow @piersmorgan @GMB @apiotrowski9 being pregnant is NOT a disability! It‚Äôs a change a womans body makes &amp; adapts to so quit making like she‚Äôs an accident victim! She‚Äôs inflicted just as much damage to other people that‚Äôs been inflicted upon her! She‚Äôs NO victim or is her 1/2 race  now going to be a disability?ü§¶üèª‚Äç‚ôÄÔ∏è,-0.7529
1379322747294212096,https://twitter.com/AndyD_UK/status/1379322747294212096,AndyD_UK,@JustMeAndMilo @TheTodayShow @piersmorgan @GMB @apiotrowski9 I didn‚Äôt say anything about disability \n\nYour reply is weird,-0.1779
1379208763274625034,https://twitter.com/Yankee149307550/status/1379208763274625034,Yankee149307550,"@MattCarter86 @CG06syd Really-he is only on...whatever programme because of Meghan. That‚Äôs the only reason he is getting attention. Meghan, ghosted him two years ago. Unemployed at the moment! Promoting his book covertly.",0.4199
1379208190710194176,https://twitter.com/sparkle_1959/status/1379208190710194176,sparkle_1959,@AndyD_UK @TheTodayShow @piersmorgan @GMB @apiotrowski9 Since when did being pregnant become an illness? It didn‚Äôt stop her being a liar did it.,-0.802
1379317727131791361,https://twitter.com/AndyD_UK/status/1379317727131791361,AndyD_UK,@sparkle_1959 @TheTodayShow @piersmorgan @GMB @apiotrowski9 Who mentioned illness ? \n\nI didn‚Äôt,-0.4019
1379206743826259968,https://twitter.com/Hilliebabes/status/1379206743826259968,Hilliebabes,"@AndyD_UK @TheTodayShow @piersmorgan @GMB @apiotrowski9 Meghan Markle chose to tell all her lies when she was 'pregnant' However pregnancy is NOT an illness, the vulnerable one in all of this is a 99yr old seriously I'll man with multiple health complications laying in his hospital bed then when she did her performance üò°",-0.484
1379308790177226753,https://twitter.com/Lisareth3/status/1379308790177226753,Lisareth3,@TheTodayShow @piersmorgan @GMB @apiotrowski9 Someone is mad. She can't hide it üòÖ,-0.5848
1379308359329869827,https://twitter.com/rubysparkles12/status/1379308359329869827,rubysparkles12,"@TheTodayShow @piersmorgan @GMB @apiotrowski9 I don't agree with you Ally about his motives. He has ALWAYS defended the Monarchy and I don't think he has double downed at all. In fact, he has been pretty consistent. The fact is Meghan has already PROVED to be lying about several of her claims. One lie casts doubt on the rest https://t.co/0s6MWOFAjv",-0.5873
1379308246557675524,https://twitter.com/Lisareth3/status/1379308246557675524,Lisareth3,"@tonymdolan @TheTodayShow @piersmorgan @GMB @apiotrowski9 No, that's Meghan üòÖ",0.3612
1379307541125980160,https://twitter.com/PugsleySue/status/1379307541125980160,PugsleySue,@TheTodayShow @piersmorgan @GMB @apiotrowski9 Good onya Piers for sticking to your guns üôè,0.4404
1379306458727190528,https://twitter.com/ChevvyAmy/status/1379306458727190528,ChevvyAmy,"@AndyD_UK @TheTodayShow @piersmorgan @GMB @apiotrowski9 So you can only criticise someone if they're not pregnant? Don't you talk some rubbish. Being pregnant doesn't mean you cannot receive/ accept criticism, nor does it mean you can hide behind it so no one can challenge what you say.",-0.7135
1379305500936966147,https://twitter.com/LynneMWhite1/status/1379305500936966147,LynneMWhite1,@TheTodayShow @piersmorgan @GMB @apiotrowski9 Hes trying to say he doesnt believe her,0.0
1379299148193619972,https://twitter.com/BunnyFeet007/status/1379299148193619972,BunnyFeet007,"@garryn21 @TheTodayShow @piersmorgan @GMB @apiotrowski9 Majority of Americans have no emotional attachment to MM. She isn‚Äôt considered a celebrity. Just a wannabe, a liar, an opportunist &amp; social climber. It‚Äôs odd, many comments on Twitter re: Americans supporting her. Where is that coming from? We‚Äôre too busy dealing w/ covid, etc.",-0.5903
1379275219676827650,https://twitter.com/LuciaLovesTrees/status/1379275219676827650,LuciaLovesTrees,@TheTodayShow @Clynna1L @piersmorgan @GMB @apiotrowski9 Good. Liars should be called out and she is a liar and so is hapless harry the ginger dimwit.,-0.7564
1379271287093215232,https://twitter.com/LondonOutlander/status/1379271287093215232,LondonOutlander,@TheTodayShow @piersmorgan @GMB @apiotrowski9 https://t.co/P3wo4ARpNb,0.0
1379265482075693058,https://twitter.com/screw154/status/1379265482075693058,screw154,"@TheTodayShow @piersmorgan @GMB @apiotrowski9 He's obssessed, and unhinged.",0.0
1379263241075892231,https://twitter.com/barnsley_peter/status/1379263241075892231,barnsley_peter,"@garryn21 @TheTodayShow @piersmorgan @GMB @apiotrowski9 The media in the west, can't handle, an opinion, if it doesn't allign, with their agenda. The Nanna's of tv are all so precious, as be so far up themselves, it is laughable, if it wasn't so serious! Stop, and report, the whole story, not your BS, headline grabbing, snippets!",0.8469
1379257775088369666,https://twitter.com/Cheryll94046988/status/1379257775088369666,Cheryll94046988,@garryn21 @TheTodayShow @piersmorgan @GMB @apiotrowski9 I wont,0.0
1379257703164375049,https://twitter.com/JaneenTayfield/status/1379257703164375049,JaneenTayfield,@TheTodayShow @9NewsAUS @piersmorgan @GMB @apiotrowski9 MM is a whiny brat....,0.0
1379249955232079873,https://twitter.com/ELBORACHO71/status/1379249955232079873,ELBORACHO71,@TheTodayShow @9NewsAUS @piersmorgan @GMB @apiotrowski9 Who gives a fuck about Meghan. How about we start talking about Randy Andy and his lust for under-age girls. Thats the real story.,-0.5423
1379246265515446274,https://twitter.com/Eduardo12908269/status/1379246265515446274,Eduardo12908269,@NannyDeb79 @TheTodayShow @SiggyStardust80 @piersmorgan @GMB @apiotrowski9 2 people is not a majority from a 300million population.,0.0
1379191882060869635,https://twitter.com/Katathenty/status/1379191882060869635,Katathenty,@TheTodayShow @piersmorgan @GMB @apiotrowski9 That blonde reporter was a bit snide. Is that how she makes her name?,0.0
1379239412228296705,https://twitter.com/lynnbyrd25/status/1379239412228296705,lynnbyrd25,@Katathenty @TheTodayShow @piersmorgan @GMB @apiotrowski9 U the only person. Nobody give a dam about a marry man crying over he never met. He a fucking stalker.,-0.4767
1379239199312777219,https://twitter.com/james_eor/status/1379239199312777219,james_eor,"@TheTodayShow @9NewsAUS @piersmorgan @GMB @apiotrowski9 Is a British TV personality having a chin-wag on TV really international ""breaking news""?",0.0
1379238500294270979,https://twitter.com/neilw101/status/1379238500294270979,neilw101,@TheTodayShow @9NewsAUS @piersmorgan @GMB @apiotrowski9 Drop this gronk.,-0.2732
1379237950064496643,https://twitter.com/kiwikate2/status/1379237950064496643,kiwikate2,"@blackcatz75 @conDana16 @TheTodayShow @piersmorgan @GMB @apiotrowski9 How can she have receipts of what was said to Harry, then told to her. You know, the hearsayü§î",0.0
1379210161785462785,https://twitter.com/home_nextdoor/status/1379210161785462785,home_nextdoor,"@TheTodayShow @piersmorgan @GMB @apiotrowski9 Alison obviously is bias. If she watched the Harry &amp; Wife interview &amp; did a little research she would know they lied. They contradicted each other on race. Glad 2 bitter exroyals are called out on lying. They didn't get 2 B part time royals &amp; money from daddy, so this is revenge",-0.9035
1379236938142650372,https://twitter.com/Michael80156055/status/1379236938142650372,Michael80156055,@Almost_Sunrise_ @TheTodayShow @piersmorgan @GMB @apiotrowski9 https://t.co/isM5e1PMxK,0.0
1379235412577816576,https://twitter.com/Michael80156055/status/1379235412577816576,Michael80156055,"@TheTodayShow @piersmorgan @GMB @apiotrowski9 What a sight to behold, two absolute tosspots spewing bile  .",0.0
1379235351084949504,https://twitter.com/kiwikate2/status/1379235351084949504,kiwikate2,@AndyD_UK @TheTodayShow @piersmorgan @GMB @apiotrowski9 Her being pregnant did not stop her launching an attack on the RF &amp; Britain with Oprah. She didn't even stick around the UK 2 years after her 'big spectacle'. You can't pick and choose when to play the pregnancy excuse. It's not an illness.,0.411
1379233009048514562,https://twitter.com/kram1371/status/1379233009048514562,kram1371,@TheTodayShow @piersmorgan @GMB @apiotrowski9 WOW talk about Princess B*tch face.\n\nCould she be any more smug\n\nTime for some diversity at @9NewsAUS little bit over all these white privileged commentators,0.8143
1379232883051622400,https://twitter.com/YummyBaklava/status/1379232883051622400,YummyBaklava,@tonymdolan @TheTodayShow @piersmorgan @GMB @apiotrowski9 And being paid millions to do it as well. Kinda paying too much for people that apparently no one can listen to or see...,-0.0258
1379232388153274368,https://twitter.com/denise_kellar/status/1379232388153274368,denise_kellar,@chemu1819 @MeganBoland23 @TheTodayShow @piersmorgan @GMB @apiotrowski9 She said they got married.  She didn‚Äôt say they had a ceremony.,0.0
1379225140563705860,https://twitter.com/ShitzQ/status/1379225140563705860,ShitzQ,@TheTodayShow @GMB @apiotrowski9 https://t.co/b7uARgF7CB,0.0
1379195088014864393,https://twitter.com/DanniJavaid94/status/1379195088014864393,DanniJavaid94,@TheTodayShow @piersmorgan @GMB @apiotrowski9 Not your life Piers not a member of the Royal family so stay out acting like a seedy stalker vile. Real British gentlemen don't act so grotty it's so sad and pathetic,-0.8899
1379222508445048841,https://twitter.com/TabbydonT/status/1379222508445048841,TabbydonT,@DanniJavaid94 @TheTodayShow @piersmorgan @GMB @apiotrowski9 Please just use Google and fact check a few of the pairs truths before criticising anyone else. The pair took people for fools. You are annoyed at the wrong people. Research you will see.,-0.7579
1379222453969248258,https://twitter.com/KittyWi26648603/status/1379222453969248258,KittyWi26648603,@NannyDeb79 @TheTodayShow @SiggyStardust80 @piersmorgan @GMB @apiotrowski9 You can‚Äôt speak for all of America,0.0
1379221565217370120,https://twitter.com/TabbydonT/status/1379221565217370120,TabbydonT,"@tonymdolan @TheTodayShow @piersmorgan @GMB @apiotrowski9 Are you mistaking them for Haz and the wife? They are the only people claiming to be silenced and then leaking stories, doing Oprah and telling Gayle king private conversations. Stick to the factüòâ",-0.2732
1379178244881137670,https://twitter.com/Janet92733794/status/1379178244881137670,Janet92733794,"@TheTodayShow @piersmorgan @GMB @apiotrowski9 Haven't seen broadcast yet, just things flying around. Hope you haven't backed down about Meghan. She new what she was doing",0.4265
1379220752084434945,https://twitter.com/TabbydonT/status/1379220752084434945,TabbydonT,@Janet92733794 @TheTodayShow @piersmorgan @GMB @apiotrowski9 I have read some of the highlights and he really states the facts. It sounds exactly what is needed. Even if people hate him. It is like this is the lie and here is the truth. Brilliant üòÅ,0.7845
1379176839483060225,https://twitter.com/MeganBoland23/status/1379176839483060225,MeganBoland23,@TheTodayShow @piersmorgan @GMB @apiotrowski9 How‚Äôs about that time they got married in private in the backyard pre televised wedding....oh wait that was a lie. Megsssssie bum on fire.,-0.34
1379220027874938882,https://twitter.com/TabbydonT/status/1379220027874938882,TabbydonT,@2015Lucyboo @Katathenty @TheTodayShow @piersmorgan @GMB @apiotrowski9 Apparently two American networks are trying to get him as a presenter or something. He has been offered around 10 million already. He was doing fine before this interview ü§∑‚Äç‚ôÄÔ∏è,0.2023
1379215196611178499,https://twitter.com/SandySouth9/status/1379215196611178499,SandySouth9,@DanniJavaid94 @TheTodayShow @piersmorgan @GMB @apiotrowski9 They stand up for the truth and all they did on that interview was lie! It's a fact!,0.4374
1379214745975152640,https://twitter.com/SandySouth9/status/1379214745975152640,SandySouth9,@DanniJavaid94 @TheTodayShow @piersmorgan @GMB @apiotrowski9 Exactly! Because that's what real men do!,0.0
1379213970444288001,https://twitter.com/SoulHomeStudio/status/1379213970444288001,SoulHomeStudio,@san_burke @TheTodayShow @piersmorgan @GMB @apiotrowski9 And yet you are fooled by that man. But that's all part of the little suck up you are.,-0.6382
1379213326249431041,https://twitter.com/SandySouth9/status/1379213326249431041,SandySouth9,@NannyDeb79 @TheTodayShow @SiggyStardust80 @piersmorgan @GMB @apiotrowski9 Me too,0.0
1379198874447970305,https://twitter.com/MattCarter86/status/1379198874447970305,MattCarter86,"@IfeomaDr @TheTodayShow @piersmorgan @GMB @apiotrowski9 There was more people who signed a petition to bring him back, along side the book (from last year) making record sales again, which leads to the ofcom complaint number looking a lot lower in comparison",-0.4767
1379211093676077060,https://twitter.com/NannyDeb79/status/1379211093676077060,NannyDeb79,@MattCarter86 @IfeomaDr @TheTodayShow @piersmorgan @GMB @apiotrowski9 I‚Äôm American and I signed the petition to bring Morgan back,0.0
1379206993878077441,https://twitter.com/roundthecloc/status/1379206993878077441,roundthecloc,@garryn21 @TheTodayShow @piersmorgan @GMB @apiotrowski9 No they won‚Äôt,-0.296
1379210826226270208,https://twitter.com/NannyDeb79/status/1379210826226270208,NannyDeb79,"@roundthecloc @garryn21 @TheTodayShow @piersmorgan @GMB @apiotrowski9 Thank you Donna, I think people believe that we are on Meghans side is because the news and journalists with no balls are not reporting the truth.",-0.1685
1379207438470160384,https://twitter.com/roundthecloc/status/1379207438470160384,roundthecloc,@Yankee149307550 @CG06syd @TheTodayShow @piersmorgan @GMB @apiotrowski9 He doesn‚Äôt need to promote himselfüôÑüôÑ,0.3818
1379210577936011270,https://twitter.com/Yankee149307550/status/1379210577936011270,Yankee149307550,"@roundthecloc @CG06syd @TheTodayShow @piersmorgan @GMB @apiotrowski9 When you‚Äôre unemployed, yes you do! He likes to be in the foreground, not the background you can tell by his persona.",0.6996
1379210425489879040,https://twitter.com/NannyDeb79/status/1379210425489879040,NannyDeb79,@garryn21 @TheTodayShow @piersmorgan @GMB @apiotrowski9 Stop saying Americans believe Meghan most of us don‚Äôt,-0.296
1379210107851001863,https://twitter.com/TwoTower83/status/1379210107851001863,TwoTower83,"@ScarlettPatte17 @manijwek @JustMeAndMilo @Janet92733794 @TheTodayShow @piersmorgan @GMB @apiotrowski9 I see someone laughing at someone else just because a typo so I reacted, sorry for not going through her whole feed just to find out,",0.3892
1379199160533012481,https://twitter.com/MattCarter86/status/1379199160533012481,MattCarter86,@Yankee149307550 @CG06syd How exactly?,0.0
1379195348816699393,https://twitter.com/Yankee149307550/status/1379195348816699393,Yankee149307550,@CG06syd @TheTodayShow @piersmorgan @GMB @apiotrowski9 He‚Äôs promoting himself!,0.4199
1379184240735055873,https://twitter.com/JustMeAndMilo/status/1379184240735055873,JustMeAndMilo,@Janet92733794 @TheTodayShow @piersmorgan @GMB @apiotrowski9 KNEW .....üòÇüòÇnot ‚Äònew‚Äô #UnEducated,0.25
1379206836956577800,https://twitter.com/roundthecloc/status/1379206836956577800,roundthecloc,"@JustMeAndMilo @Janet92733794 @TheTodayShow @piersmorgan @GMB @apiotrowski9 I‚Äôm sure this person would rather be uneducated than like yourself who is nasty and rube, ugly qualitiesü§¢ü§¢ü§¢",-0.4767
1379204702945087488,https://twitter.com/IfeomaDr/status/1379204702945087488,IfeomaDr,@MattCarter86 @TheTodayShow @piersmorgan @GMB @apiotrowski9 I made reference to the insinuation in the video that his leaving GMB had to do with the claims in the Oprah interview itself- rather it was his own behaviour/reaction to it. His exit was pretty much of his own making. I have no doubt that his book sales/notoriety are intact.,0.7278
1379201633024892928,https://twitter.com/RodShaw65421640/status/1379201633024892928,RodShaw65421640,"@TheTodayShow @piersmorgan @GMB @apiotrowski9 Typical left wing slant, meghan playing racist victim.... pathetic",-0.8402
1379201263351517188,https://twitter.com/Lorraine4112/status/1379201263351517188,Lorraine4112,@TheTodayShow @piersmorgan @GMB @apiotrowski9 How dare ‚ÄòAli‚Äô!,0.0
1379197360790765569,https://twitter.com/manijwek/status/1379197360790765569,manijwek,@TwoTower83 @JustMeAndMilo @Janet92733794 @TheTodayShow @piersmorgan @GMB @apiotrowski9 It is a bit much to assume that one is uneducated because of a typo.,0.0
1379200777579864070,https://twitter.com/TwoTower83/status/1379200777579864070,TwoTower83,"@manijwek @JustMeAndMilo @Janet92733794 @TheTodayShow @piersmorgan @GMB @apiotrowski9 I guess when there is nothing else to defend their idol then the next best thing is to just call someone names.... goes to show what kind of person she is,",0.6369
1379195002899755009,https://twitter.com/JustMeAndMilo/status/1379195002899755009,JustMeAndMilo,@kbscott4 @TheTodayShow @GMB @apiotrowski9 as you only have two followers and nothing in your bio do you even live in Australia to know this or you some ignoramus from the other side of the world that has no idea what you‚Äôre talking about? üôÑ,-0.6249
1379199029570113538,https://twitter.com/kbscott4/status/1379199029570113538,kbscott4,@JustMeAndMilo @TheTodayShow @GMB @apiotrowski9 Based on clips I've seen and every Australian I've ever heard talk about it. I withdraw my comment though as it might not all be as bad as the shlte that's exported to England tbf.,-0.5423
1379198317549252609,https://twitter.com/MattCarter86/status/1379198317549252609,MattCarter86,"@TheTodayShow @piersmorgan @GMB @apiotrowski9 The books been out since last year, love how the media think that Piers is using this to promote it. If anything it sold itself again as a lot of people agree with him, are fed up of the cancel culture and lack of challenge.",0.743
1379198311568089090,https://twitter.com/tonymdolan/status/1379198311568089090,tonymdolan,@JustMeAndMilo @kbscott4 @TheTodayShow @GMB @apiotrowski9 Channel 9 is a load of shite in fairness.,0.0
1379198192865079300,https://twitter.com/Cazza2171/status/1379198192865079300,Cazza2171,@TheTodayShow @piersmorgan @GMB @apiotrowski9 üëèüëèüëèüëèüá≠üá≤,0.0
1379189029099409416,https://twitter.com/TwoTower83/status/1379189029099409416,TwoTower83,@JustMeAndMilo @Janet92733794 @TheTodayShow @piersmorgan @GMB @apiotrowski9 is that the kindness that Meghan talks about? someone makes a simple mistake that could have been an autocorrect mistake and you laugh at them and call them uneducated...,0.4215
1379196967868243968,https://twitter.com/WildBilbo/status/1379196967868243968,WildBilbo,@TheTodayShow @piersmorgan @GMB @apiotrowski9 https://t.co/BcxRjUNnNc,0.0
1379191716628951041,https://twitter.com/JustMeAndMilo/status/1379191716628951041,JustMeAndMilo,@IfeomaDr @TheTodayShow @piersmorgan @GMB @apiotrowski9 For a BETTER ONE! @piersmorgan s career wasn‚Äôt damaged one iota!üôÑ,0.3219
1379196804479086594,https://twitter.com/tonymdolan/status/1379196804479086594,tonymdolan,@JustMeAndMilo @IfeomaDr @TheTodayShow @piersmorgan @GMB @apiotrowski9 Pretty sure being interviewed by Tucker Carlson is as low as you can go career wise. Next stop - Newsmax.,0.6486
1379183826568507393,https://twitter.com/Del_Salvador_AU/status/1379183826568507393,Del_Salvador_AU,"@TheTodayShow @apiotrowski9 Next time, at least attempt to demonstrate a shred of journalistic integrity and conceal your contempt for Piers Morgan. You're clearly a Harkle mouthpiece and your bias is obvious for all of your viewers to see. Do better.",0.4588
1379196695821512704,https://twitter.com/Del_Salvador_AU/status/1379196695821512704,Del_Salvador_AU,"@TheTodayShow @apiotrowski9 For anyone interested in reading a nuanced analysis of the Harkle saga - one that does not feature a simpering, woke bias - I urge you to read the blog, https://t.co/NSlJd1AGuq.",0.3182
1379196138524307456,https://twitter.com/JustMeAndMilo/status/1379196138524307456,JustMeAndMilo,@Katathenty @TheTodayShow @piersmorgan @GMB @apiotrowski9 you mean how she is desperately trying to make a name for herself? Her reporting was biased and she‚Äôs clearly a mouthpiece for MM? her career will fizzle out while @piersmorgan s will continue to thrive! She‚Äôs clearly a supporter of #CancelCulture,0.5349
1379178077729693696,https://twitter.com/CG06syd/status/1379178077729693696,CG06syd,@TheTodayShow @piersmorgan @GMB @apiotrowski9 He‚Äôs English and sticking up for the Royal Family. Good for him.,0.4404
1379183771296141313,https://twitter.com/kbscott4/status/1379183771296141313,kbscott4,@TheTodayShow @GMB @apiotrowski9 Australian TV is the worst. Makes GMB look like The Reith Lectures.,-0.3818
1379183526034214917,https://twitter.com/queen_boudica_/status/1379183526034214917,queen_boudica_,"@TheTodayShow @piersmorgan @GMB @apiotrowski9 Good for Piers. The interview was full of lies. Meghan, Harry &amp; Oprah were banking on Americans being ignorant. Rather insulting of them.",-0.6369
1379194217814102020,https://twitter.com/JustMeAndMilo/status/1379194217814102020,JustMeAndMilo,@queen_boudica_ @TheTodayShow @piersmorgan @GMB @apiotrowski9 oh my god ‚Äì well said!üëçüëç,0.5411
1379187274198306821,https://twitter.com/JustMeAndMilo/status/1379187274198306821,JustMeAndMilo,@Del_Salvador_AU @TheTodayShow @apiotrowski9 I‚Äôve watched them cross to her two times now and the smugness in her reporting and her sly üòëcomments against @piersmorgan were TOO obvious!ü§¶üèª‚Äç‚ôÄÔ∏è It was a terrible news piece and  she‚Äôs clearly a mouthpiece for Markle! #BiasedReporting #FakeNews  #ShameOnYou  #BringHerHome üôÑ,-0.5242
1379194063136514048,https://twitter.com/Del_Salvador_AU/status/1379194063136514048,Del_Salvador_AU,@JustMeAndMilo @TheTodayShow @apiotrowski9 @piersmorgan Yes. Her smugness is insufferable.,0.0772
1379185428847226881,https://twitter.com/JustMeAndMilo/status/1379185428847226881,JustMeAndMilo,@Del_Salvador_AU @TheTodayShow @apiotrowski9 EXACTLY!! @apiotrowski9 reporting was extremely bias and clearly she supports #CancelCulture  herself. Either that or she knows that her career will NEVER reach the heights like that of @piersmorgan and she‚Äôll be forgotten in a number of years! #BiasedReporting  #FakeNews,0.756
1379193534268366848,https://twitter.com/Del_Salvador_AU/status/1379193534268366848,Del_Salvador_AU,"@JustMeAndMilo @TheTodayShow @apiotrowski9 @piersmorgan I agree. I actually found it hard to watch her, so I just switched over to another channel. I'm not going to waste my time watching her sub-standard attempts at ""journalism.""",0.5318
1379192113284403207,https://twitter.com/IfeomaDr/status/1379192113284403207,IfeomaDr,@JustMeAndMilo @TheTodayShow @piersmorgan @GMB @apiotrowski9 My tweet doesn‚Äôt mention anything about damaging his career.,-0.5106
1379188739851878407,https://twitter.com/pilothardy/status/1379188739851878407,pilothardy,@TheTodayShow @piersmorgan @GMB @apiotrowski9 Lol this bish w/ the jab at the end. Meghan &amp; Harry‚Äôs situation is NOTHING like Piers‚Äôs. Is she suggesting he orchestrated his cancellation to promote his book? Lmao,0.8014
1379187912030347264,https://twitter.com/JustMeAndMilo/status/1379187912030347264,JustMeAndMilo,"@Del_Salvador_AU @TheTodayShow @apiotrowski9 Ooops, I meant, ‚Äú.....to her twice now...‚Äù!!! (sorry üò¨)",-0.5538
1379187371787214850,https://twitter.com/virginsnowbunny/status/1379187371787214850,virginsnowbunny,@TheTodayShow @piersmorgan @GMB @apiotrowski9 Ratbags like Morgan should not be given air time. It is a good job he is no longer on the airwaves.,0.4939
1379176245800353795,https://twitter.com/usa_anji/status/1379176245800353795,usa_anji,"@TheTodayShow @piersmorgan @GMB @apiotrowski9 We agree with him, and find Meghan markle very distasteful that she would trash her husband's family on national TV just to make money",0.3612
1379183680405524482,https://twitter.com/dwyer_kat/status/1379183680405524482,dwyer_kat,@usa_anji @TheTodayShow @piersmorgan @GMB @apiotrowski9 üëèüëèüëè,0.0
1379183468299493377,https://twitter.com/JustMeAndMilo/status/1379183468299493377,JustMeAndMilo,@TheTodayShow @piersmorgan @GMB @apiotrowski9 Your report on  @TheTodayShow  was VERY tacky yourself @apiotrowski9 mentioning that @piersmorgan is also currently in the US promoting other ventures you‚Äôll only DREAM of! Whatever happened to UNBIASED reporting?  Appears that YOU SUPPORT #CancelCulture yourself! #BadReporting,0.8135
1379180790093729793,https://twitter.com/johnnm53/status/1379180790093729793,johnnm53,"@TheTodayShow @piersmorgan @GMB @apiotrowski9 The bias from the ch9 journalist , especially against conservatives is palpable and that's in all her reporting....what happened to them just reporting the facts",-0.1027
1379180385523933190,https://twitter.com/SandraMeier7/status/1379180385523933190,SandraMeier7,@TheTodayShow @piersmorgan @GMB @apiotrowski9 Piers is right!,0.0
1379179593890848769,https://twitter.com/RWNJH8R/status/1379179593890848769,RWNJH8R,@TheTodayShow @piersmorgan @GMB @apiotrowski9 No decent person gives a rats arse what #Piers says anyway.\n\nSod off into obscurity ya wanker.\n\n#teammeghan #MeghanMarkle,-0.296
1379175180950499331,https://twitter.com/KitKat_212121/status/1379175180950499331,KitKat_212121,@TheTodayShow @piersmorgan @GMB @apiotrowski9 Good for Piersüëèüëè She‚Äôs proven she‚Äôs a lying little social climber ü§∑üèª‚Äç‚ôÄÔ∏è,-0.128
1379176794616631297,https://twitter.com/KitKat_212121/status/1379176794616631297,KitKat_212121,@TheTodayShow @piersmorgan @GMB @apiotrowski9 And moreover I hope Piers and @MrsSOsbourne start their own showüëç,0.4404
1379175898885337091,https://twitter.com/Recsun/status/1379175898885337091,Recsun,@TheTodayShow @piersmorgan @GMB @apiotrowski9 Uh that's not why he's critical of Meghan and Harry üôÑ,0.2411
1379174679718592521,https://twitter.com/Tickthebox31/status/1379174679718592521,Tickthebox31,@TheTodayShow @piersmorgan @GMB @apiotrowski9 This news cast has no basis of fact,-0.296
1369206716584361984,https://twitter.com/ShutterLenz/status/1369206716584361984,ShutterLenz,@GMB I find it odd how Piers trashes Meghan daily and yet here is her Father doing an interview with him claiming he loves his daughter in the presence of a man who trashes her,0.34
